period,source,record_id,answer,tags
1,owner_cost,4610.01.01,S1-H1-ELEC-SWG,
1,owner_cost,4610.01.02,S1-H1-ELEC-UPS,
1,owner_cost,4610.01.03,S1-H1-ELEC-BUS,
1,owner_cost,4620.01.04,S1-H1-MECH-CRAH,
1,owner_cost,4620.01.05,S1-H1-MECH-CHW,
1,owner_cost,4630.01.06,S1-H1-CTRL-BMS,
1,owner_cost,4630.01.07,S1-H1-CTRL-EPMS,
1,owner_cost,4610.02.01,S1-H2-ELEC-SWG,
1,owner_cost,4610.02.02,S1-H2-ELEC-UPS,
1,owner_cost,4610.02.03,S1-H2-ELEC-BUS,
1,owner_cost,4620.02.04,S1-H2-MECH-CRAH,
1,owner_cost,4620.02.05,S1-H2-MECH-CHW,
1,owner_cost,4630.02.06,S1-H2-CTRL-BMS,
1,owner_cost,4630.02.07,S1-H2-CTRL-EPMS,
1,owner_cost,4610.03.01,S1-H3-ELEC-SWG,
1,owner_cost,4610.03.02,S1-H3-ELEC-UPS,
1,owner_cost,4610.03.03,S1-H3-ELEC-BUS,
1,owner_cost,4620.03.04,S1-H3-MECH-CRAH,
1,owner_cost,4620.03.05,S1-H3-MECH-CHW,
1,owner_cost,4630.03.06,S1-H3-CTRL-BMS,
1,owner_cost,4630.03.07,S1-H3-CTRL-EPMS,
1,owner_cost,4900.10.01,NO_WBS,indirect
1,owner_cost,4900.11.01,NO_WBS,indirect
1,owner_cost,4900.12.01,NO_WBS,indirect
2,owner_cost,4610.01.01,S1-H1-ELEC-SWG,
2,owner_cost,4610.01.02,S1-H1-ELEC-UPS,
2,owner_cost,4610.01.03,S1-H1-ELEC-BUS,
2,owner_cost,4620.01.04,S1-H1-MECH-CRAH,
2,owner_cost,4620.01.05,S1-H1-MECH-CHW,
2,owner_cost,4630.01.06,S1-H1-CTRL-BMS,
2,owner_cost,4630.01.07,S1-H1-CTRL-EPMS,
2,owner_cost,4610.02.01,S1-H2-ELEC-SWG,
2,owner_cost,4610.02.02,S1-H2-ELEC-UPS,
2,owner_cost,4610.02.03,S1-H2-ELEC-BUS,
2,owner_cost,4620.02.04,S1-H2-MECH-CRAH,
2,owner_cost,4620.02.05,S1-H2-MECH-CHW,
2,owner_cost,4630.02.06,S1-H2-CTRL-BMS,
2,owner_cost,4630.02.07,S1-H2-CTRL-EPMS,
2,owner_cost,4610.03.01,S1-H3-ELEC-SWG,
2,owner_cost,4610.03.02,S1-H3-ELEC-UPS,
2,owner_cost,4610.03.03,S1-H3-ELEC-BUS,
2,owner_cost,4620.03.04,S1-H3-MECH-CRAH,
2,owner_cost,4620.03.05,S1-H3-MECH-CHW,
2,owner_cost,4630.03.06,S1-H3-CTRL-BMS,
2,owner_cost,4630.03.07,S1-H3-CTRL-EPMS,
2,owner_cost,4900.10.01,NO_WBS,indirect
2,owner_cost,4900.11.01,NO_WBS,indirect
2,owner_cost,4900.12.01,NO_WBS,indirect
3,owner_cost,4610.01.01,S1-H1-ELEC-SWG,
3,owner_cost,4610.01.02,S1-H1-ELEC-UPS,
3,owner_cost,4610.01.03,S1-H1-ELEC-BUS,
3,owner_cost,4620.01.04,S1-H1-MECH-CRAH,
3,owner_cost,4620.01.05,S1-H1-MECH-CHW,
3,owner_cost,4630.01.06,S1-H1-CTRL-BMS,
3,owner_cost,4630.01.07,S1-H1-CTRL-EPMS,
3,owner_cost,4610.02.01,S1-H2-ELEC-SWG,
3,owner_cost,4610.02.02,S1-H2-ELEC-UPS,
3,owner_cost,4610.02.03,S1-H2-ELEC-BUS,
3,owner_cost,4620.02.04,S1-H2-MECH-CRAH,
3,owner_cost,4620.02.05,S1-H2-MECH-CHW,
3,owner_cost,4630.02.06,S1-H2-CTRL-BMS,
3,owner_cost,4630.02.07,S1-H2-CTRL-EPMS,
3,owner_cost,4610.03.01,S1-H3-ELEC-SWG,
3,owner_cost,4610.03.02,S1-H3-ELEC-UPS,
3,owner_cost,4610.03.03,S1-H3-ELEC-BUS,
3,owner_cost,4620.03.04,S1-H3-MECH-CRAH,
3,owner_cost,4620.03.05,S1-H3-MECH-CHW,
3,owner_cost,4630.03.06,S1-H3-CTRL-BMS,
3,owner_cost,4630.03.07,S1-H3-CTRL-EPMS,
3,owner_cost,4900.10.01,NO_WBS,indirect
3,owner_cost,4900.11.01,NO_WBS,indirect
3,owner_cost,4900.12.01,NO_WBS,indirect
1,owner_milestones,OM-H1-ENRG,S1-H1-ELEC-SWG,
1,owner_milestones,OM-H2-ENRG,S1-H2-ELEC-SWG,
1,owner_milestones,OM-H3-ENRG,S1-H3-ELEC-SWG,
2,owner_milestones,OM-H1-ENRG,S1-H1-ELEC-SWG,
2,owner_milestones,OM-H2-ENRG,S1-H2-ELEC-SWG,
2,owner_milestones,OM-H3-ENRG,S1-H3-ELEC-SWG,
3,owner_milestones,OM-H1-ENRG,S1-H1-ELEC-SWG,
3,owner_milestones,OM-H2-ENRG,S1-H2-ELEC-SWG,
3,owner_milestones,OM-H3-ENRG,S1-H3-ELEC-SWG,
1,owner_ofe,SWG-S1H1-001,S1-H1-ELEC-SWG,
1,owner_ofe,SWG-S1H1-002,S1-H1-ELEC-SWG,
1,owner_ofe,SWG-S1H1-003,S1-H1-ELEC-SWG,
1,owner_ofe,SWG-S1H1-004,S1-H1-ELEC-SWG,
1,owner_ofe,UPS-S1H1-001,S1-H1-ELEC-UPS,
1,owner_ofe,UPS-S1H1-002,S1-H1-ELEC-UPS,
1,owner_ofe,UPS-S1H1-003,S1-H1-ELEC-UPS,
1,owner_ofe,UPS-S1H1-004,S1-H1-ELEC-UPS,
1,owner_ofe,UPS-S1H1-005,S1-H1-ELEC-UPS,
1,owner_ofe,UPS-S1H1-006,S1-H1-ELEC-UPS,
1,owner_ofe,CRAH-S1H1-001,S1-H1-MECH-CRAH,
1,owner_ofe,CRAH-S1H1-002,S1-H1-MECH-CRAH,
1,owner_ofe,CRAH-S1H1-003,S1-H1-MECH-CRAH,
1,owner_ofe,CRAH-S1H1-004,S1-H1-MECH-CRAH,
1,owner_ofe,CRAH-S1H1-005,S1-H1-MECH-CRAH,
1,owner_ofe,CRAH-S1H1-006,S1-H1-MECH-CRAH,
1,owner_ofe,SWG-S1H2-001,S1-H2-ELEC-SWG,
1,owner_ofe,SWG-S1H2-002,S1-H2-ELEC-SWG,
1,owner_ofe,SWG-S1H2-003,S1-H2-ELEC-SWG,
1,owner_ofe,SWG-S1H2-004,S1-H2-ELEC-SWG,
1,owner_ofe,UPS-S1H2-001,S1-H2-ELEC-UPS,
1,owner_ofe,UPS-S1H2-002,S1-H2-ELEC-UPS,
1,owner_ofe,UPS-S1H2-003,S1-H2-ELEC-UPS,
1,owner_ofe,UPS-S1H2-004,S1-H2-ELEC-UPS,
1,owner_ofe,CRAH-S1H2-001,S1-H2-MECH-CRAH,
1,owner_ofe,CRAH-S1H2-002,S1-H2-MECH-CRAH,
1,owner_ofe,CRAH-S1H2-003,S1-H2-MECH-CRAH,
1,owner_ofe,CRAH-S1H2-004,S1-H2-MECH-CRAH,
1,owner_ofe,CRAH-S1H2-005,S1-H2-MECH-CRAH,
1,owner_ofe,CRAH-S1H2-006,S1-H2-MECH-CRAH,
1,owner_ofe,CRAH-S1H2-007,S1-H2-MECH-CRAH,
1,owner_ofe,SWG-S1H3-001,S1-H3-ELEC-SWG,
1,owner_ofe,SWG-S1H3-002,S1-H3-ELEC-SWG,
1,owner_ofe,SWG-S1H3-003,S1-H3-ELEC-SWG,
1,owner_ofe,UPS-S1H3-001,S1-H3-ELEC-UPS,
1,owner_ofe,UPS-S1H3-002,S1-H3-ELEC-UPS,
1,owner_ofe,UPS-S1H3-003,S1-H3-ELEC-UPS,
1,owner_ofe,UPS-S1H3-004,S1-H3-ELEC-UPS,
1,owner_ofe,UPS-S1H3-005,S1-H3-ELEC-UPS,
1,owner_ofe,UPS-S1H3-006,S1-H3-ELEC-UPS,
1,owner_ofe,CRAH-S1H3-001,S1-H3-MECH-CRAH,
1,owner_ofe,CRAH-S1H3-002,S1-H3-MECH-CRAH,
1,owner_ofe,CRAH-S1H3-003,S1-H3-MECH-CRAH,
1,owner_ofe,CRAH-S1H3-004,S1-H3-MECH-CRAH,
1,owner_ofe,CRAH-S1H3-005,S1-H3-MECH-CRAH,
1,owner_ofe,CRAH-S1H3-006,S1-H3-MECH-CRAH,
1,owner_ofe,CRAH-S1H3-007,S1-H3-MECH-CRAH,
1,owner_ofe,CRAH-S1H3-008,S1-H3-MECH-CRAH,
2,owner_ofe,SWG-S1H1-001,S1-H1-ELEC-SWG,
2,owner_ofe,SWG-S1H1-002,S1-H1-ELEC-SWG,
2,owner_ofe,SWG-S1H1-003,S1-H1-ELEC-SWG,
2,owner_ofe,SWG-S1H1-004,S1-H1-ELEC-SWG,
2,owner_ofe,UPS-S1H1-001,S1-H1-ELEC-UPS,
2,owner_ofe,UPS-S1H1-002,S1-H1-ELEC-UPS,
2,owner_ofe,UPS-S1H1-003,S1-H1-ELEC-UPS,
2,owner_ofe,UPS-S1H1-004,S1-H1-ELEC-UPS,
2,owner_ofe,UPS-S1H1-005,S1-H1-ELEC-UPS,
2,owner_ofe,UPS-S1H1-006,S1-H1-ELEC-UPS,
2,owner_ofe,CRAH-S1H1-001,S1-H1-MECH-CRAH,
2,owner_ofe,CRAH-S1H1-002,S1-H1-MECH-CRAH,
2,owner_ofe,CRAH-S1H1-003,S1-H1-MECH-CRAH,
2,owner_ofe,CRAH-S1H1-004,S1-H1-MECH-CRAH,
2,owner_ofe,CRAH-S1H1-005,S1-H1-MECH-CRAH,
2,owner_ofe,CRAH-S1H1-006,S1-H1-MECH-CRAH,
2,owner_ofe,SWG-S1H2-001,S1-H2-ELEC-SWG,
2,owner_ofe,SWG-S1H2-002,S1-H2-ELEC-SWG,
2,owner_ofe,SWG-S1H2-003,S1-H2-ELEC-SWG,
2,owner_ofe,SWG-S1H2-004,S1-H2-ELEC-SWG,
2,owner_ofe,UPS-S1H2-001,S1-H2-ELEC-UPS,
2,owner_ofe,UPS-S1H2-002,S1-H2-ELEC-UPS,
2,owner_ofe,UPS-S1H2-003,S1-H2-ELEC-UPS,
2,owner_ofe,UPS-S1H2-004,S1-H2-ELEC-UPS,
2,owner_ofe,CRAH-S1H2-001,S1-H2-MECH-CRAH,
2,owner_ofe,CRAH-S1H2-002,S1-H2-MECH-CRAH,
2,owner_ofe,CRAH-S1H2-003,S1-H2-MECH-CRAH,
2,owner_ofe,CRAH-S1H2-004,S1-H2-MECH-CRAH,
2,owner_ofe,CRAH-S1H2-005,S1-H2-MECH-CRAH,
2,owner_ofe,CRAH-S1H2-006,S1-H2-MECH-CRAH,
2,owner_ofe,CRAH-S1H2-007,S1-H2-MECH-CRAH,
2,owner_ofe,SWG-S1H3-001,S1-H3-ELEC-SWG,
2,owner_ofe,SWG-S1H3-002,S1-H3-ELEC-SWG,
2,owner_ofe,SWG-S1H3-003,S1-H3-ELEC-SWG,
2,owner_ofe,UPS-S1H3-001,S1-H3-ELEC-UPS,
2,owner_ofe,UPS-S1H3-002,S1-H3-ELEC-UPS,
2,owner_ofe,UPS-S1H3-003,S1-H3-ELEC-UPS,
2,owner_ofe,UPS-S1H3-004,S1-H3-ELEC-UPS,
2,owner_ofe,UPS-S1H3-005,S1-H3-ELEC-UPS,
2,owner_ofe,UPS-S1H3-006,S1-H3-ELEC-UPS,
2,owner_ofe,CRAH-S1H3-001,S1-H3-MECH-CRAH,
2,owner_ofe,CRAH-S1H3-002,S1-H3-MECH-CRAH,
2,owner_ofe,CRAH-S1H3-003,S1-H3-MECH-CRAH,
2,owner_ofe,CRAH-S1H3-004,S1-H3-MECH-CRAH,
2,owner_ofe,CRAH-S1H3-005,S1-H3-MECH-CRAH,
2,owner_ofe,CRAH-S1H3-006,S1-H3-MECH-CRAH,
2,owner_ofe,CRAH-S1H3-007,S1-H3-MECH-CRAH,
2,owner_ofe,CRAH-S1H3-008,S1-H3-MECH-CRAH,
3,owner_ofe,SWG-S1H1-001,S1-H1-ELEC-SWG,
3,owner_ofe,SWG-S1H1-002,S1-H1-ELEC-SWG,
3,owner_ofe,SWG-S1H1-003,S1-H1-ELEC-SWG,
3,owner_ofe,SWG-S1H1-004,S1-H1-ELEC-SWG,
3,owner_ofe,UPS-S1H1-001,S1-H1-ELEC-UPS,
3,owner_ofe,UPS-S1H1-002,S1-H1-ELEC-UPS,
3,owner_ofe,UPS-S1H1-003,S1-H1-ELEC-UPS,
3,owner_ofe,UPS-S1H1-004,S1-H1-ELEC-UPS,
3,owner_ofe,UPS-S1H1-005,S1-H1-ELEC-UPS,
3,owner_ofe,UPS-S1H1-006,S1-H1-ELEC-UPS,
3,owner_ofe,CRAH-S1H1-001,S1-H1-MECH-CRAH,
3,owner_ofe,CRAH-S1H1-002,S1-H1-MECH-CRAH,
3,owner_ofe,CRAH-S1H1-003,S1-H1-MECH-CRAH,
3,owner_ofe,CRAH-S1H1-004,S1-H1-MECH-CRAH,
3,owner_ofe,CRAH-S1H1-005,S1-H1-MECH-CRAH,
3,owner_ofe,CRAH-S1H1-006,S1-H1-MECH-CRAH,
3,owner_ofe,SWG-S1H2-001,S1-H2-ELEC-SWG,
3,owner_ofe,SWG-S1H2-002,S1-H2-ELEC-SWG,
3,owner_ofe,SWG-S1H2-003,S1-H2-ELEC-SWG,
3,owner_ofe,SWG-S1H2-004,S1-H2-ELEC-SWG,
3,owner_ofe,UPS-S1H2-001,S1-H2-ELEC-UPS,
3,owner_ofe,UPS-S1H2-002,S1-H2-ELEC-UPS,
3,owner_ofe,UPS-S1H2-003,S1-H2-ELEC-UPS,
3,owner_ofe,UPS-S1H2-004,S1-H2-ELEC-UPS,
3,owner_ofe,CRAH-S1H2-001,S1-H2-MECH-CRAH,
3,owner_ofe,CRAH-S1H2-002,S1-H2-MECH-CRAH,
3,owner_ofe,CRAH-S1H2-003,S1-H2-MECH-CRAH,
3,owner_ofe,CRAH-S1H2-004,S1-H2-MECH-CRAH,
3,owner_ofe,CRAH-S1H2-005,S1-H2-MECH-CRAH,
3,owner_ofe,CRAH-S1H2-006,S1-H2-MECH-CRAH,
3,owner_ofe,CRAH-S1H2-007,S1-H2-MECH-CRAH,
3,owner_ofe,SWG-S1H3-001,S1-H3-ELEC-SWG,
3,owner_ofe,SWG-S1H3-002,S1-H3-ELEC-SWG,
3,owner_ofe,SWG-S1H3-003,S1-H3-ELEC-SWG,
3,owner_ofe,UPS-S1H3-001,S1-H3-ELEC-UPS,
3,owner_ofe,UPS-S1H3-002,S1-H3-ELEC-UPS,
3,owner_ofe,UPS-S1H3-003,S1-H3-ELEC-UPS,
3,owner_ofe,UPS-S1H3-004,S1-H3-ELEC-UPS,
3,owner_ofe,UPS-S1H3-005,S1-H3-ELEC-UPS,
3,owner_ofe,UPS-S1H3-006,S1-H3-ELEC-UPS,
3,owner_ofe,CRAH-S1H3-001,S1-H3-MECH-CRAH,
3,owner_ofe,CRAH-S1H3-002,S1-H3-MECH-CRAH,
3,owner_ofe,CRAH-S1H3-003,S1-H3-MECH-CRAH,
3,owner_ofe,CRAH-S1H3-004,S1-H3-MECH-CRAH,
3,owner_ofe,CRAH-S1H3-005,S1-H3-MECH-CRAH,
3,owner_ofe,CRAH-S1H3-006,S1-H3-MECH-CRAH,
3,owner_ofe,CRAH-S1H3-007,S1-H3-MECH-CRAH,
3,owner_ofe,CRAH-S1H3-008,S1-H3-MECH-CRAH,
1,nb_schedule,NB100001,S1-H1-ELEC-SWG,
1,nb_schedule,NB100002,S1-H1-ELEC-SWG,
1,nb_schedule,NB100003,S1-H1-ELEC-SWG,
1,nb_schedule,NB100004,S1-H1-ELEC-SWG,
1,nb_schedule,NB100005,S1-H1-ELEC-SWG,
1,nb_schedule,NB100006,S1-H1-ELEC-SWG,
1,nb_schedule,NB100007,S1-H1-ELEC-SWG,
1,nb_schedule,NB100008,S1-H1-ELEC-SWG,
1,nb_schedule,NB100009,S1-H1-ELEC-SWG,
1,nb_schedule,NB100010,S1-H1-ELEC-SWG,
1,nb_schedule,NB100011,S1-H1-ELEC-SWG,
1,nb_schedule,NB100012,S1-H1-ELEC-SWG,
1,nb_schedule,NB100013,S1-H1-ELEC-UPS,
1,nb_schedule,NB100014,S1-H1-ELEC-UPS,
1,nb_schedule,NB100015,S1-H1-ELEC-UPS,
1,nb_schedule,NB100016,S1-H1-ELEC-UPS,
1,nb_schedule,NB100017,S1-H1-ELEC-UPS,
1,nb_schedule,NB100018,S1-H1-ELEC-UPS,
1,nb_schedule,NB100019,S1-H1-ELEC-UPS,dup_id
1,nb_schedule,NB100020,S1-H1-ELEC-UPS,dup_id
1,nb_schedule,NB100021,S1-H1-ELEC-UPS,
1,nb_schedule,NB100022,S1-H1-ELEC-UPS,
1,nb_schedule,NB100023,S1-H1-ELEC-UPS,
1,nb_schedule,NB100024,S1-H1-ELEC-UPS,
1,nb_schedule,NB100025,S1-H1-ELEC-UPS,
1,nb_schedule,NB100026,S1-H1-ELEC-UPS,
1,nb_schedule,NB100027,S1-H1-ELEC-UPS,
1,nb_schedule,NB100028,S1-H1-ELEC-UPS,
1,nb_schedule,NB100029,S1-H1-ELEC-UPS,
1,nb_schedule,NB100030,S1-H1-ELEC-UPS,
1,nb_schedule,NB100031,S1-H1-ELEC-BUS,
1,nb_schedule,NB100032,S1-H1-ELEC-BUS,
1,nb_schedule,NB100033,S1-H1-ELEC-BUS,
1,nb_schedule,NB100034,S1-H1-ELEC-BUS,
1,nb_schedule,NB100035,S1-H1-ELEC-BUS,
1,nb_schedule,NB100036,S1-H1-ELEC-BUS,
1,nb_schedule,NB100037,S1-H1-ELEC-BUS,
1,nb_schedule,NB100038,S1-H1-ELEC-BUS,
1,nb_schedule,NB100039,S1-H1-ELEC-BUS,blank_id
1,nb_schedule,NB100040,S1-H1-ELEC-BUS,
1,nb_schedule,NB100041,S1-H1-ELEC-BUS,
1,nb_schedule,NB100042,S1-H1-ELEC-BUS,
1,nb_schedule,NB100043,S1-H1-ELEC-BUS,|ambiguous_id
1,nb_schedule,NB100043,S1-H1-ELEC-BUS,dup_id|ambiguous_id
1,nb_schedule,NB100045,S1-H1-ELEC-BUS,
1,nb_schedule,NB100046,S1-H1-ELEC-BUS,
1,nb_schedule,NB100047,S1-H1-ELEC-BUS,
1,nb_schedule,NB100048,S1-H1-ELEC-BUS,
1,nb_schedule,NB100049,S1-H1-MECH-CRAH,
1,nb_schedule,NB100050,S1-H1-MECH-CRAH,
1,nb_schedule,NB100051,S1-H1-MECH-CRAH,
1,nb_schedule,NB100052,S1-H1-MECH-CRAH,
1,nb_schedule,NB100053,S1-H1-MECH-CRAH,
1,nb_schedule,NB100054,S1-H1-MECH-CRAH,
1,nb_schedule,NB100055,S1-H1-MECH-CRAH,
1,nb_schedule,NB100056,S1-H1-MECH-CRAH,
1,nb_schedule,NB100057,S1-H1-MECH-CRAH,
1,nb_schedule,NB100058,S1-H1-MECH-CRAH,
1,nb_schedule,NB100059,S1-H1-MECH-CRAH,
1,nb_schedule,NB100060,S1-H1-MECH-CRAH,
1,nb_schedule,NB100061,S1-H1-MECH-CRAH,
1,nb_schedule,NB100062,S1-H1-MECH-CRAH,
1,nb_schedule,NB100063,S1-H1-MECH-CRAH,
1,nb_schedule,NB100064,S1-H1-MECH-CRAH,
1,nb_schedule,NB100065,S1-H1-MECH-CRAH,
1,nb_schedule,NB100066,S1-H1-MECH-CRAH,
1,nb_schedule,NB100067,S1-H1-MECH-CHW,
1,nb_schedule,NB100068,S1-H1-MECH-CHW,
1,nb_schedule,NB100069,S1-H1-MECH-CHW,
1,nb_schedule,NB100070,S1-H1-MECH-CHW,
1,nb_schedule,NB100071,S1-H1-MECH-CHW,
1,nb_schedule,NB100072,S1-H1-MECH-CHW,
1,nb_schedule,NB100073,S1-H1-MECH-CHW,
1,nb_schedule,NB100074,S1-H1-MECH-CHW,
1,nb_schedule,NB100075,S1-H1-MECH-CHW,
1,nb_schedule,NB100076,S1-H1-CTRL-BMS,
1,nb_schedule,NB100077,S1-H1-CTRL-BMS,
1,nb_schedule,NB100078,S1-H1-CTRL-BMS,
1,nb_schedule,NB100079,S1-H1-CTRL-BMS,
1,nb_schedule,NB100080,S1-H1-CTRL-BMS,
1,nb_schedule,NB100081,S1-H1-CTRL-BMS,
1,nb_schedule,NB100082,S1-H1-CTRL-BMS,
1,nb_schedule,NB100083,S1-H1-CTRL-BMS,
1,nb_schedule,NB100084,S1-H1-CTRL-BMS,
1,nb_schedule,NB100085,S1-H1-CTRL-BMS,
1,nb_schedule,NB100086,S1-H1-CTRL-BMS,
1,nb_schedule,NB100087,S1-H1-CTRL-BMS,
1,nb_schedule,NB100088,S1-H1-CTRL-BMS,
1,nb_schedule,NB100089,S1-H1-CTRL-BMS,
1,nb_schedule,NB100090,S1-H1-CTRL-BMS,
1,nb_schedule,NB100091,S1-H1-CTRL-BMS,dup_id
1,nb_schedule,NB100092,S1-H1-CTRL-BMS,
1,nb_schedule,NB100093,S1-H1-CTRL-BMS,
1,nb_schedule,NB100094,S1-H1-CTRL-BMS,
1,nb_schedule,NB100095,S1-H1-CTRL-BMS,
1,nb_schedule,NB100096,S1-H1-CTRL-BMS,
1,nb_schedule,NB100097,S1-H1-CTRL-BMS,
1,nb_schedule,NB100098,S1-H1-CTRL-BMS,
1,nb_schedule,NB100099,S1-H1-CTRL-BMS,
1,nb_schedule,NB100100,S1-H1-CTRL-EPMS,
1,nb_schedule,NB100101,S1-H1-CTRL-EPMS,
1,nb_schedule,NB100102,S1-H1-CTRL-EPMS,
1,nb_schedule,NB100103,S1-H1-CTRL-EPMS,
1,nb_schedule,NB100104,S1-H1-CTRL-EPMS,
1,nb_schedule,NB100105,S1-H1-CTRL-EPMS,
1,nb_schedule,NB100106,S1-H1-CTRL-EPMS,
1,nb_schedule,NB100107,S1-H1-CTRL-EPMS,
1,nb_schedule,NB100108,S1-H1-CTRL-EPMS,
1,nb_schedule,NB100109,S1-H1-CTRL-EPMS,
1,nb_schedule,NB100110,S1-H1-CTRL-EPMS,
1,nb_schedule,NB100111,S1-H1-CTRL-EPMS,
1,nb_schedule,NB100112,S1-H1-CTRL-EPMS,
1,nb_schedule,NB100113,S1-H1-CTRL-EPMS,
1,nb_schedule,NB100114,S1-H1-CTRL-EPMS,
1,nb_schedule,NB100115,S1-H2-ELEC-SWG,
1,nb_schedule,NB100116,S1-H2-ELEC-SWG,
1,nb_schedule,NB100117,S1-H2-ELEC-SWG,
1,nb_schedule,NB100118,S1-H2-ELEC-SWG,
1,nb_schedule,NB100119,S1-H2-ELEC-SWG,
1,nb_schedule,NB100120,S1-H2-ELEC-SWG,
1,nb_schedule,NB100121,S1-H2-ELEC-SWG,
1,nb_schedule,NB100122,S1-H2-ELEC-SWG,
1,nb_schedule,NB100123,S1-H2-ELEC-SWG,
1,nb_schedule,NB100124,S1-H2-ELEC-SWG,dup_id
1,nb_schedule,NB100125,S1-H2-ELEC-SWG,
1,nb_schedule,NB100126,S1-H2-ELEC-SWG,
1,nb_schedule,NB100127,S1-H2-ELEC-UPS,blank_id
1,nb_schedule,NB100128,S1-H2-ELEC-UPS,blank_id
1,nb_schedule,NB100129,S1-H2-ELEC-UPS,
1,nb_schedule,NB100130,S1-H2-ELEC-UPS,
1,nb_schedule,NB100131,S1-H2-ELEC-UPS,
1,nb_schedule,NB100132,S1-H2-ELEC-UPS,
1,nb_schedule,NB100133,S1-H2-ELEC-UPS,
1,nb_schedule,NB100134,S1-H2-ELEC-UPS,blank_id|blank_id
1,nb_schedule,NB100135,S1-H2-ELEC-UPS,
1,nb_schedule,NB100136,S1-H2-ELEC-UPS,
1,nb_schedule,NB100137,S1-H2-ELEC-UPS,
1,nb_schedule,NB100138,S1-H2-ELEC-UPS,
1,nb_schedule,NB100139,S1-H2-ELEC-BUS,
1,nb_schedule,NB100140,S1-H2-ELEC-BUS,
1,nb_schedule,NB100141,S1-H2-ELEC-BUS,
1,nb_schedule,NB100142,S1-H2-ELEC-BUS,
1,nb_schedule,NB100143,S1-H2-ELEC-BUS,
1,nb_schedule,NB100144,S1-H2-ELEC-BUS,
1,nb_schedule,NB100145,S1-H2-ELEC-BUS,
1,nb_schedule,NB100146,S1-H2-ELEC-BUS,
1,nb_schedule,NB100147,S1-H2-ELEC-BUS,
1,nb_schedule,NB100148,S1-H2-ELEC-BUS,
1,nb_schedule,NB100149,S1-H2-ELEC-BUS,
1,nb_schedule,NB100150,S1-H2-ELEC-BUS,
1,nb_schedule,NB100151,S1-H2-ELEC-BUS,
1,nb_schedule,NB100152,S1-H2-ELEC-BUS,
1,nb_schedule,NB100153,S1-H2-ELEC-BUS,
1,nb_schedule,NB100154,S1-H2-ELEC-BUS,
1,nb_schedule,NB100155,S1-H2-ELEC-BUS,
1,nb_schedule,NB100156,S1-H2-ELEC-BUS,
1,nb_schedule,NB100157,S1-H2-ELEC-BUS,
1,nb_schedule,NB100158,S1-H2-ELEC-BUS,
1,nb_schedule,NB100159,S1-H2-ELEC-BUS,
1,nb_schedule,NB100160,S1-H2-ELEC-BUS,
1,nb_schedule,NB100161,S1-H2-ELEC-BUS,blank_id
1,nb_schedule,NB100162,S1-H2-ELEC-BUS,
1,nb_schedule,NB100163,S1-H2-MECH-CRAH,
1,nb_schedule,NB100164,S1-H2-MECH-CRAH,
1,nb_schedule,NB100165,S1-H2-MECH-CRAH,
1,nb_schedule,NB100166,S1-H2-MECH-CRAH,
1,nb_schedule,NB100167,S1-H2-MECH-CRAH,
1,nb_schedule,NB100168,S1-H2-MECH-CRAH,
1,nb_schedule,NB100169,S1-H2-MECH-CRAH,
1,nb_schedule,NB100170,S1-H2-MECH-CRAH,
1,nb_schedule,NB100171,S1-H2-MECH-CRAH,
1,nb_schedule,NB100172,S1-H2-MECH-CRAH,
1,nb_schedule,NB100173,S1-H2-MECH-CRAH,
1,nb_schedule,NB100174,S1-H2-MECH-CRAH,
1,nb_schedule,NB100175,S1-H2-MECH-CRAH,
1,nb_schedule,NB100176,S1-H2-MECH-CRAH,
1,nb_schedule,NB100177,S1-H2-MECH-CRAH,
1,nb_schedule,NB100178,S1-H2-MECH-CRAH,
1,nb_schedule,NB100179,S1-H2-MECH-CRAH,
1,nb_schedule,NB100180,S1-H2-MECH-CRAH,
1,nb_schedule,NB100181,S1-H2-MECH-CRAH,dup_id
1,nb_schedule,NB100182,S1-H2-MECH-CRAH,
1,nb_schedule,NB100183,S1-H2-MECH-CRAH,
1,nb_schedule,NB100184,S1-H2-MECH-CHW,
1,nb_schedule,NB100185,S1-H2-MECH-CHW,
1,nb_schedule,NB100186,S1-H2-MECH-CHW,
1,nb_schedule,NB100187,S1-H2-MECH-CHW,
1,nb_schedule,NB100188,S1-H2-MECH-CHW,
1,nb_schedule,NB100189,S1-H2-MECH-CHW,
1,nb_schedule,NB100190,S1-H2-CTRL-BMS,blank_id
1,nb_schedule,NB100191,S1-H2-CTRL-BMS,
1,nb_schedule,NB100192,S1-H2-CTRL-BMS,
1,nb_schedule,NB100193,S1-H2-CTRL-BMS,
1,nb_schedule,NB100194,S1-H2-CTRL-BMS,
1,nb_schedule,NB100195,S1-H2-CTRL-BMS,
1,nb_schedule,NB100196,S1-H2-CTRL-BMS,
1,nb_schedule,NB100197,S1-H2-CTRL-BMS,
1,nb_schedule,NB100198,S1-H2-CTRL-BMS,
1,nb_schedule,NB100199,S1-H2-CTRL-BMS,
1,nb_schedule,NB100200,S1-H2-CTRL-BMS,
1,nb_schedule,NB100201,S1-H2-CTRL-BMS,
1,nb_schedule,NB100202,S1-H2-CTRL-BMS,
1,nb_schedule,NB100203,S1-H2-CTRL-BMS,
1,nb_schedule,NB100204,S1-H2-CTRL-BMS,
1,nb_schedule,NB100205,S1-H2-CTRL-BMS,
1,nb_schedule,NB100206,S1-H2-CTRL-BMS,
1,nb_schedule,NB100207,S1-H2-CTRL-BMS,
1,nb_schedule,NB100208,S1-H2-CTRL-BMS,
1,nb_schedule,NB100209,S1-H2-CTRL-BMS,
1,nb_schedule,NB100210,S1-H2-CTRL-BMS,
1,nb_schedule,NB100211,S1-H2-CTRL-EPMS,
1,nb_schedule,NB100212,S1-H2-CTRL-EPMS,
1,nb_schedule,NB100213,S1-H2-CTRL-EPMS,
1,nb_schedule,NB100214,S1-H2-CTRL-EPMS,
1,nb_schedule,,S1-H2-CTRL-EPMS,blank_id|ambiguous_id
1,nb_schedule,NB100216,S1-H2-CTRL-EPMS,
1,nb_schedule,NB100217,S1-H2-CTRL-EPMS,
1,nb_schedule,NB100218,S1-H2-CTRL-EPMS,
1,nb_schedule,NB100219,S1-H2-CTRL-EPMS,
1,nb_schedule,NB100220,S1-H2-CTRL-EPMS,
1,nb_schedule,NB100221,S1-H2-CTRL-EPMS,blank_id
1,nb_schedule,NB100222,S1-H2-CTRL-EPMS,
1,nb_schedule,NB100223,S1-H2-CTRL-EPMS,
1,nb_schedule,NB100224,S1-H2-CTRL-EPMS,dup_id
1,nb_schedule,NB100225,S1-H2-CTRL-EPMS,
1,nb_schedule,NB100226,S1-H2-CTRL-EPMS,
1,nb_schedule,NB100227,S1-H2-CTRL-EPMS,
1,nb_schedule,NB100228,S1-H2-CTRL-EPMS,
1,nb_schedule,NB100229,S1-H3-ELEC-SWG,
1,nb_schedule,NB100230,S1-H3-ELEC-SWG,
1,nb_schedule,NB100231,S1-H3-ELEC-SWG,
1,nb_schedule,NB100232,S1-H3-ELEC-SWG,
1,nb_schedule,NB100233,S1-H3-ELEC-SWG,
1,nb_schedule,NB100234,S1-H3-ELEC-SWG,dup_id
1,nb_schedule,NB100235,S1-H3-ELEC-SWG,
1,nb_schedule,NB100236,S1-H3-ELEC-SWG,
1,nb_schedule,NB100237,S1-H3-ELEC-SWG,
1,nb_schedule,NB100238,S1-H3-ELEC-UPS,
1,nb_schedule,NB100239,S1-H3-ELEC-UPS,
1,nb_schedule,NB100240,S1-H3-ELEC-UPS,
1,nb_schedule,NB100241,S1-H3-ELEC-UPS,
1,nb_schedule,NB100242,S1-H3-ELEC-UPS,
1,nb_schedule,NB100243,S1-H3-ELEC-UPS,
1,nb_schedule,NB100244,S1-H3-ELEC-UPS,
1,nb_schedule,NB100245,S1-H3-ELEC-UPS,
1,nb_schedule,NB100246,S1-H3-ELEC-UPS,
1,nb_schedule,NB100247,S1-H3-ELEC-UPS,blank_id
1,nb_schedule,NB100248,S1-H3-ELEC-UPS,
1,nb_schedule,NB100249,S1-H3-ELEC-UPS,
1,nb_schedule,NB100250,S1-H3-ELEC-UPS,
1,nb_schedule,NB100251,S1-H3-ELEC-UPS,
1,nb_schedule,NB100252,S1-H3-ELEC-UPS,
1,nb_schedule,NB100253,S1-H3-ELEC-UPS,
1,nb_schedule,NB100254,S1-H3-ELEC-UPS,
1,nb_schedule,NB100255,S1-H3-ELEC-UPS,
1,nb_schedule,NB100256,S1-H3-ELEC-BUS,
1,nb_schedule,NB100257,S1-H3-ELEC-BUS,
1,nb_schedule,NB100258,S1-H3-ELEC-BUS,
1,nb_schedule,NB100259,S1-H3-ELEC-BUS,
1,nb_schedule,NB100260,S1-H3-ELEC-BUS,
1,nb_schedule,NB100261,S1-H3-ELEC-BUS,
1,nb_schedule,NB100262,S1-H3-ELEC-BUS,
1,nb_schedule,NB100263,S1-H3-ELEC-BUS,
1,nb_schedule,NB100264,S1-H3-ELEC-BUS,dup_id
1,nb_schedule,NB100265,S1-H3-ELEC-BUS,
1,nb_schedule,NB100266,S1-H3-ELEC-BUS,
1,nb_schedule,NB100267,S1-H3-ELEC-BUS,dup_id
1,nb_schedule,NB100268,S1-H3-ELEC-BUS,
1,nb_schedule,NB100269,S1-H3-ELEC-BUS,
1,nb_schedule,NB100270,S1-H3-ELEC-BUS,
1,nb_schedule,NB100271,S1-H3-MECH-CRAH,
1,nb_schedule,NB100272,S1-H3-MECH-CRAH,
1,nb_schedule,NB100273,S1-H3-MECH-CRAH,
1,nb_schedule,NB100274,S1-H3-MECH-CRAH,
1,nb_schedule,NB100275,S1-H3-MECH-CRAH,
1,nb_schedule,NB100276,S1-H3-MECH-CRAH,
1,nb_schedule,NB100277,S1-H3-MECH-CRAH,
1,nb_schedule,NB100278,S1-H3-MECH-CRAH,
1,nb_schedule,NB100279,S1-H3-MECH-CRAH,
1,nb_schedule,NB100280,S1-H3-MECH-CRAH,
1,nb_schedule,NB100281,S1-H3-MECH-CRAH,
1,nb_schedule,NB100282,S1-H3-MECH-CRAH,dup_id
1,nb_schedule,NB100283,S1-H3-MECH-CRAH,
1,nb_schedule,NB100284,S1-H3-MECH-CRAH,
1,nb_schedule,NB100285,S1-H3-MECH-CRAH,
1,nb_schedule,NB100286,S1-H3-MECH-CRAH,
1,nb_schedule,NB100287,S1-H3-MECH-CRAH,
1,nb_schedule,NB100288,S1-H3-MECH-CRAH,
1,nb_schedule,NB100289,S1-H3-MECH-CRAH,
1,nb_schedule,NB100290,S1-H3-MECH-CRAH,
1,nb_schedule,NB100291,S1-H3-MECH-CRAH,
1,nb_schedule,NB100292,S1-H3-MECH-CRAH,
1,nb_schedule,NB100293,S1-H3-MECH-CRAH,
1,nb_schedule,NB100294,S1-H3-MECH-CRAH,
1,nb_schedule,NB100295,S1-H3-MECH-CHW,
1,nb_schedule,NB100296,S1-H3-MECH-CHW,blank_id
1,nb_schedule,NB100297,S1-H3-MECH-CHW,
1,nb_schedule,NB100298,S1-H3-MECH-CHW,dup_id
1,nb_schedule,NB100299,S1-H3-MECH-CHW,blank_id
1,nb_schedule,NB100300,S1-H3-MECH-CHW,
1,nb_schedule,NB100301,S1-H3-CTRL-BMS,
1,nb_schedule,NB100302,S1-H3-CTRL-BMS,
1,nb_schedule,NB100303,S1-H3-CTRL-BMS,
1,nb_schedule,NB100304,S1-H3-CTRL-BMS,
1,nb_schedule,NB100305,S1-H3-CTRL-BMS,
1,nb_schedule,NB100306,S1-H3-CTRL-BMS,
1,nb_schedule,NB100307,S1-H3-CTRL-BMS,
1,nb_schedule,NB100308,S1-H3-CTRL-BMS,
1,nb_schedule,NB100309,S1-H3-CTRL-BMS,
1,nb_schedule,NB100310,S1-H3-CTRL-BMS,
1,nb_schedule,NB100311,S1-H3-CTRL-BMS,
1,nb_schedule,NB100312,S1-H3-CTRL-BMS,
1,nb_schedule,NB100313,S1-H3-CTRL-BMS,
1,nb_schedule,NB100314,S1-H3-CTRL-BMS,
1,nb_schedule,NB100315,S1-H3-CTRL-BMS,
1,nb_schedule,NB100316,S1-H3-CTRL-BMS,
1,nb_schedule,NB100317,S1-H3-CTRL-BMS,
1,nb_schedule,NB100318,S1-H3-CTRL-BMS,
1,nb_schedule,NB100319,S1-H3-CTRL-BMS,
1,nb_schedule,NB100320,S1-H3-CTRL-BMS,
1,nb_schedule,NB100321,S1-H3-CTRL-BMS,
1,nb_schedule,NB100322,S1-H3-CTRL-EPMS,
1,nb_schedule,NB100323,S1-H3-CTRL-EPMS,
1,nb_schedule,NB100324,S1-H3-CTRL-EPMS,
1,nb_schedule,NB100325,S1-H3-CTRL-EPMS,
1,nb_schedule,NB100326,S1-H3-CTRL-EPMS,
1,nb_schedule,NB100327,S1-H3-CTRL-EPMS,
1,nb_schedule,NB100328,S1-H3-CTRL-EPMS,
1,nb_schedule,NB100329,S1-H3-CTRL-EPMS,
1,nb_schedule,NB100330,S1-H3-CTRL-EPMS,
1,nb_schedule,NB100331,S1-H3-CTRL-EPMS,
1,nb_schedule,NB100332,S1-H3-CTRL-EPMS,
1,nb_schedule,NB100333,S1-H3-CTRL-EPMS,
1,nb_schedule,NB100334,S1-H3-CTRL-EPMS,
1,nb_schedule,NB100335,S1-H3-CTRL-EPMS,
1,nb_schedule,NB100336,S1-H3-CTRL-EPMS,
1,nb_schedule,NB100337,NO_WBS,loe
1,nb_schedule,NB100338,NO_WBS,loe
1,nb_schedule,NB100339,NO_WBS,loe
1,nb_schedule,NB100340,S1-H1-ELEC-SWG,
1,nb_schedule,NB100341,S1-H2-ELEC-SWG,
1,nb_schedule,NB100342,S1-H3-ELEC-SWG,
2,nb_schedule,NB100001,S1-H1-ELEC-SWG,
2,nb_schedule,NB100002,S1-H1-ELEC-SWG,
2,nb_schedule,NB100003,S1-H1-ELEC-SWG,
2,nb_schedule,NB100004,S1-H1-ELEC-SWG,
2,nb_schedule,NB100005,S1-H1-ELEC-SWG,
2,nb_schedule,NB100006,S1-H1-ELEC-SWG,
2,nb_schedule,NB100007,S1-H1-ELEC-SWG,
2,nb_schedule,NB100008,S1-H1-ELEC-SWG,
2,nb_schedule,NB100009,S1-H1-ELEC-SWG,
2,nb_schedule,NB100010,S1-H1-ELEC-SWG,
2,nb_schedule,NB100011,S1-H1-ELEC-SWG,
2,nb_schedule,NB100012,S1-H1-ELEC-SWG,
2,nb_schedule,NB111645,S1-H1-ELEC-UPS,
2,nb_schedule,NB100014,S1-H1-ELEC-UPS,
2,nb_schedule,NB100015,S1-H1-ELEC-UPS,
2,nb_schedule,NB100016,S1-H1-ELEC-UPS,
2,nb_schedule,NB100017,S1-H1-ELEC-UPS,
2,nb_schedule,NB111646,S1-H1-ELEC-UPS,
2,nb_schedule,NB100019,S1-H1-ELEC-UPS,dup_id
2,nb_schedule,NB100020,S1-H1-ELEC-UPS,dup_id
2,nb_schedule,NB100021,S1-H1-ELEC-UPS,
2,nb_schedule,NB100022,S1-H1-ELEC-UPS,
2,nb_schedule,NB100023,S1-H1-ELEC-UPS,
2,nb_schedule,NB100024,S1-H1-ELEC-UPS,
2,nb_schedule,NB100025,S1-H1-ELEC-UPS,
2,nb_schedule,NB100026,S1-H1-ELEC-UPS,
2,nb_schedule,NB100027,S1-H1-ELEC-UPS,
2,nb_schedule,NB100028,S1-H1-ELEC-UPS,
2,nb_schedule,NB100029,S1-H1-ELEC-UPS,
2,nb_schedule,NB100030,S1-H1-ELEC-UPS,
2,nb_schedule,NB100031,S1-H1-ELEC-BUS,
2,nb_schedule,NB100032,S1-H1-ELEC-BUS,
2,nb_schedule,NB100033,S1-H1-ELEC-BUS,
2,nb_schedule,NB100034,S1-H1-ELEC-BUS,
2,nb_schedule,NB100035,S1-H1-ELEC-BUS,
2,nb_schedule,NB100036,S1-H1-ELEC-BUS,
2,nb_schedule,NB100037,S1-H1-ELEC-BUS,
2,nb_schedule,NB100038,S1-H1-ELEC-BUS,
2,nb_schedule,,S1-H1-ELEC-BUS,blank_id|ambiguous_id
2,nb_schedule,NB100040,S1-H1-ELEC-BUS,
2,nb_schedule,NB100041,S1-H1-ELEC-BUS,
2,nb_schedule,NB100042,S1-H1-ELEC-BUS,
2,nb_schedule,NB100043,S1-H1-ELEC-BUS,
2,nb_schedule,NB100044,S1-H1-ELEC-BUS,dup_id
2,nb_schedule,NB100045,S1-H1-ELEC-BUS,
2,nb_schedule,NB100046,S1-H1-ELEC-BUS,
2,nb_schedule,NB100047,S1-H1-ELEC-BUS,
2,nb_schedule,NB100048,S1-H1-ELEC-BUS,
2,nb_schedule,NB100049,S1-H1-MECH-CRAH,
2,nb_schedule,NB100050,S1-H1-MECH-CRAH,
2,nb_schedule,NB100051,S1-H1-MECH-CRAH,
2,nb_schedule,NB100052,S1-H1-MECH-CRAH,
2,nb_schedule,NB100053,S1-H1-MECH-CRAH,
2,nb_schedule,NB100054,S1-H1-MECH-CRAH,
2,nb_schedule,NB100055,S1-H1-MECH-CRAH,
2,nb_schedule,NB100056,S1-H1-MECH-CRAH,
2,nb_schedule,NB100057,S1-H1-MECH-CRAH,
2,nb_schedule,NB100058,S1-H1-MECH-CRAH,
2,nb_schedule,NB100059,S1-H1-MECH-CRAH,
2,nb_schedule,NB100060,S1-H1-MECH-CRAH,
2,nb_schedule,NB100061,S1-H1-MECH-CRAH,
2,nb_schedule,NB100062,S1-H1-MECH-CRAH,
2,nb_schedule,NB100063,S1-H1-MECH-CRAH,
2,nb_schedule,NB100064,S1-H1-MECH-CRAH,
2,nb_schedule,NB100065,S1-H1-MECH-CRAH,
2,nb_schedule,NB100066,S1-H1-MECH-CRAH,
2,nb_schedule,NB100067,S1-H1-MECH-CHW,
2,nb_schedule,NB100068,S1-H1-MECH-CHW,
2,nb_schedule,NB100069,S1-H1-MECH-CHW,
2,nb_schedule,NB100070,S1-H1-MECH-CHW,
2,nb_schedule,NB100071,S1-H1-MECH-CHW,
2,nb_schedule,NB100072,S1-H1-MECH-CHW,
2,nb_schedule,NB100073,S1-H1-MECH-CHW,
2,nb_schedule,NB100074,S1-H1-MECH-CHW,
2,nb_schedule,NB100075,S1-H1-MECH-CHW,
2,nb_schedule,NB100076,S1-H1-CTRL-BMS,
2,nb_schedule,NB100077,S1-H1-CTRL-BMS,
2,nb_schedule,NB100078,S1-H1-CTRL-BMS,
2,nb_schedule,NB100079,S1-H1-CTRL-BMS,
2,nb_schedule,NB100080,S1-H1-CTRL-BMS,
2,nb_schedule,NB100081,S1-H1-CTRL-BMS,
2,nb_schedule,NB100082,S1-H1-CTRL-BMS,
2,nb_schedule,NB100083,S1-H1-CTRL-BMS,
2,nb_schedule,NB100084,S1-H1-CTRL-BMS,
2,nb_schedule,NB100085,S1-H1-CTRL-BMS,
2,nb_schedule,NB100086,S1-H1-CTRL-BMS,
2,nb_schedule,NB100087,S1-H1-CTRL-BMS,
2,nb_schedule,NB100088,S1-H1-CTRL-BMS,
2,nb_schedule,NB100089,S1-H1-CTRL-BMS,
2,nb_schedule,NB100090,S1-H1-CTRL-BMS,
2,nb_schedule,NB100091,S1-H1-CTRL-BMS,dup_id
2,nb_schedule,NB100092,S1-H1-CTRL-BMS,
2,nb_schedule,NB100093,S1-H1-CTRL-BMS,
2,nb_schedule,NB100094,S1-H1-CTRL-BMS,
2,nb_schedule,NB100095,S1-H1-CTRL-BMS,
2,nb_schedule,NB100096,S1-H1-CTRL-BMS,
2,nb_schedule,NB100097,S1-H1-CTRL-BMS,
2,nb_schedule,NB100098,S1-H1-CTRL-BMS,
2,nb_schedule,NB100099,S1-H1-CTRL-BMS,
2,nb_schedule,NB100100,S1-H1-CTRL-EPMS,
2,nb_schedule,NB100101,S1-H1-CTRL-EPMS,
2,nb_schedule,NB100102,S1-H1-CTRL-EPMS,
2,nb_schedule,NB100103,S1-H1-CTRL-EPMS,
2,nb_schedule,NB100104,S1-H1-CTRL-EPMS,
2,nb_schedule,NB100105,S1-H1-CTRL-EPMS,
2,nb_schedule,NB100106,S1-H1-CTRL-EPMS,
2,nb_schedule,NB100107,S1-H1-CTRL-EPMS,
2,nb_schedule,NB100108,S1-H1-CTRL-EPMS,
2,nb_schedule,NB100109,S1-H1-CTRL-EPMS,
2,nb_schedule,NB111647,S1-H1-CTRL-EPMS,
2,nb_schedule,NB100111,S1-H1-CTRL-EPMS,
2,nb_schedule,NB100112,S1-H1-CTRL-EPMS,
2,nb_schedule,NB100113,S1-H1-CTRL-EPMS,
2,nb_schedule,NB111648,S1-H1-CTRL-EPMS,
2,nb_schedule,NB100115,S1-H2-ELEC-SWG,
2,nb_schedule,NB111649,S1-H2-ELEC-SWG,
2,nb_schedule,NB100117,S1-H2-ELEC-SWG,
2,nb_schedule,NB100118,S1-H2-ELEC-SWG,
2,nb_schedule,NB100119,S1-H2-ELEC-SWG,
2,nb_schedule,NB100120,S1-H2-ELEC-SWG,
2,nb_schedule,NB100121,S1-H2-ELEC-SWG,
2,nb_schedule,NB100122,S1-H2-ELEC-SWG,
2,nb_schedule,NB100123,S1-H2-ELEC-SWG,
2,nb_schedule,NB100124,S1-H2-ELEC-SWG,dup_id
2,nb_schedule,NB100125,S1-H2-ELEC-SWG,
2,nb_schedule,NB100126,S1-H2-ELEC-SWG,
2,nb_schedule,NB100127,S1-H2-ELEC-UPS,blank_id
2,nb_schedule,NB100128,S1-H2-ELEC-UPS,blank_id
2,nb_schedule,NB100129,S1-H2-ELEC-UPS,
2,nb_schedule,NB100130,S1-H2-ELEC-UPS,
2,nb_schedule,NB100131,S1-H2-ELEC-UPS,
2,nb_schedule,NB100132,S1-H2-ELEC-UPS,
2,nb_schedule,NB100133,S1-H2-ELEC-UPS,
2,nb_schedule,NB100134,S1-H2-ELEC-UPS,blank_id|blank_id
2,nb_schedule,NB100135,S1-H2-ELEC-UPS,
2,nb_schedule,NB100136,S1-H2-ELEC-UPS,
2,nb_schedule,NB100137,S1-H2-ELEC-UPS,
2,nb_schedule,NB100138,S1-H2-ELEC-UPS,
2,nb_schedule,NB100139,S1-H2-ELEC-BUS,
2,nb_schedule,NB100140,S1-H2-ELEC-BUS,
2,nb_schedule,NB100141,S1-H2-ELEC-BUS,
2,nb_schedule,NB100142,S1-H2-ELEC-BUS,
2,nb_schedule,NB100143,S1-H2-ELEC-BUS,
2,nb_schedule,NB100144,S1-H2-ELEC-BUS,
2,nb_schedule,NB100145,S1-H2-ELEC-BUS,
2,nb_schedule,NB100146,S1-H2-ELEC-BUS,
2,nb_schedule,NB100147,S1-H2-ELEC-BUS,
2,nb_schedule,NB100148,S1-H2-ELEC-BUS,
2,nb_schedule,NB100149,S1-H2-ELEC-BUS,
2,nb_schedule,NB100150,S1-H2-ELEC-BUS,
2,nb_schedule,NB100151,S1-H2-ELEC-BUS,
2,nb_schedule,NB100152,S1-H2-ELEC-BUS,
2,nb_schedule,NB100153,S1-H2-ELEC-BUS,
2,nb_schedule,NB100154,S1-H2-ELEC-BUS,
2,nb_schedule,NB100155,S1-H2-ELEC-BUS,
2,nb_schedule,NB100156,S1-H2-ELEC-BUS,
2,nb_schedule,NB100157,S1-H2-ELEC-BUS,
2,nb_schedule,NB100158,S1-H2-ELEC-BUS,
2,nb_schedule,NB100159,S1-H2-ELEC-BUS,
2,nb_schedule,NB100160,S1-H2-ELEC-BUS,
2,nb_schedule,NB100161,S1-H2-ELEC-BUS,blank_id
2,nb_schedule,NB100162,S1-H2-ELEC-BUS,
2,nb_schedule,NB100163,S1-H2-MECH-CRAH,
2,nb_schedule,NB100164,S1-H2-MECH-CRAH,
2,nb_schedule,NB100165,S1-H2-MECH-CRAH,
2,nb_schedule,NB100166,S1-H2-MECH-CRAH,
2,nb_schedule,NB100167,S1-H2-MECH-CRAH,
2,nb_schedule,NB100168,S1-H2-MECH-CRAH,
2,nb_schedule,NB100169,S1-H2-MECH-CRAH,
2,nb_schedule,NB100170,S1-H2-MECH-CRAH,
2,nb_schedule,NB100171,S1-H2-MECH-CRAH,
2,nb_schedule,NB100172,S1-H2-MECH-CRAH,
2,nb_schedule,NB100173,S1-H2-MECH-CRAH,
2,nb_schedule,NB100174,S1-H2-MECH-CRAH,
2,nb_schedule,NB100175,S1-H2-MECH-CRAH,
2,nb_schedule,NB100176,S1-H2-MECH-CRAH,
2,nb_schedule,NB111650,S1-H2-MECH-CRAH,
2,nb_schedule,NB100178,S1-H2-MECH-CRAH,
2,nb_schedule,NB100179,S1-H2-MECH-CRAH,
2,nb_schedule,NB111651,S1-H2-MECH-CRAH,
2,nb_schedule,NB100181,S1-H2-MECH-CRAH,dup_id
2,nb_schedule,NB100182,S1-H2-MECH-CRAH,
2,nb_schedule,NB100183,S1-H2-MECH-CRAH,
2,nb_schedule,NB100184,S1-H2-MECH-CHW,
2,nb_schedule,NB100185,S1-H2-MECH-CHW,
2,nb_schedule,NB100186,S1-H2-MECH-CHW,
2,nb_schedule,NB100187,S1-H2-MECH-CHW,
2,nb_schedule,NB100188,S1-H2-MECH-CHW,
2,nb_schedule,NB100189,S1-H2-MECH-CHW,
2,nb_schedule,NB100190,S1-H2-CTRL-BMS,blank_id
2,nb_schedule,NB100191,S1-H2-CTRL-BMS,
2,nb_schedule,NB100192,S1-H2-CTRL-BMS,
2,nb_schedule,NB100193,S1-H2-CTRL-BMS,
2,nb_schedule,NB111652,S1-H2-CTRL-BMS,
2,nb_schedule,NB100195,S1-H2-CTRL-BMS,
2,nb_schedule,NB100196,S1-H2-CTRL-BMS,
2,nb_schedule,NB100197,S1-H2-CTRL-BMS,
2,nb_schedule,NB100198,S1-H2-CTRL-BMS,
2,nb_schedule,NB100199,S1-H2-CTRL-BMS,
2,nb_schedule,NB100200,S1-H2-CTRL-BMS,
2,nb_schedule,NB100201,S1-H2-CTRL-BMS,
2,nb_schedule,NB100202,S1-H2-CTRL-BMS,
2,nb_schedule,NB100203,S1-H2-CTRL-BMS,
2,nb_schedule,NB100204,S1-H2-CTRL-BMS,
2,nb_schedule,NB100205,S1-H2-CTRL-BMS,
2,nb_schedule,NB100206,S1-H2-CTRL-BMS,
2,nb_schedule,NB100207,S1-H2-CTRL-BMS,
2,nb_schedule,NB100208,S1-H2-CTRL-BMS,
2,nb_schedule,NB100209,S1-H2-CTRL-BMS,
2,nb_schedule,NB100210,S1-H2-CTRL-BMS,
2,nb_schedule,NB100211,S1-H2-CTRL-EPMS,
2,nb_schedule,NB100212,S1-H2-CTRL-EPMS,
2,nb_schedule,NB111653,S1-H2-CTRL-EPMS,
2,nb_schedule,NB100214,S1-H2-CTRL-EPMS,
2,nb_schedule,NB100215,S1-H2-CTRL-EPMS,blank_id
2,nb_schedule,NB100216,S1-H2-CTRL-EPMS,
2,nb_schedule,NB100217,S1-H2-CTRL-EPMS,
2,nb_schedule,NB100218,S1-H2-CTRL-EPMS,
2,nb_schedule,NB100219,S1-H2-CTRL-EPMS,
2,nb_schedule,NB100220,S1-H2-CTRL-EPMS,
2,nb_schedule,NB100221,S1-H2-CTRL-EPMS,blank_id
2,nb_schedule,NB100222,S1-H2-CTRL-EPMS,
2,nb_schedule,NB100223,S1-H2-CTRL-EPMS,
2,nb_schedule,NB100224,S1-H2-CTRL-EPMS,dup_id
2,nb_schedule,NB100225,S1-H2-CTRL-EPMS,
2,nb_schedule,NB100226,S1-H2-CTRL-EPMS,
2,nb_schedule,NB100227,S1-H2-CTRL-EPMS,
2,nb_schedule,NB100228,S1-H2-CTRL-EPMS,
2,nb_schedule,NB100229,S1-H3-ELEC-SWG,
2,nb_schedule,NB111654,S1-H3-ELEC-SWG,
2,nb_schedule,NB100231,S1-H3-ELEC-SWG,
2,nb_schedule,NB100232,S1-H3-ELEC-SWG,
2,nb_schedule,NB100233,S1-H3-ELEC-SWG,
2,nb_schedule,NB100234,S1-H3-ELEC-SWG,dup_id
2,nb_schedule,NB100235,S1-H3-ELEC-SWG,
2,nb_schedule,NB100236,S1-H3-ELEC-SWG,
2,nb_schedule,NB100237,S1-H3-ELEC-SWG,
2,nb_schedule,NB100238,S1-H3-ELEC-UPS,
2,nb_schedule,NB100239,S1-H3-ELEC-UPS,
2,nb_schedule,NB100240,S1-H3-ELEC-UPS,
2,nb_schedule,NB100241,S1-H3-ELEC-UPS,
2,nb_schedule,NB100242,S1-H3-ELEC-UPS,
2,nb_schedule,NB100243,S1-H3-ELEC-UPS,
2,nb_schedule,NB100244,S1-H3-ELEC-UPS,
2,nb_schedule,NB100245,S1-H3-ELEC-UPS,
2,nb_schedule,NB100246,S1-H3-ELEC-UPS,
2,nb_schedule,NB100247,S1-H3-ELEC-UPS,blank_id
2,nb_schedule,NB100248,S1-H3-ELEC-UPS,
2,nb_schedule,NB100249,S1-H3-ELEC-UPS,
2,nb_schedule,NB100250,S1-H3-ELEC-UPS,
2,nb_schedule,NB100251,S1-H3-ELEC-UPS,
2,nb_schedule,NB100252,S1-H3-ELEC-UPS,
2,nb_schedule,NB100253,S1-H3-ELEC-UPS,
2,nb_schedule,NB111655,S1-H3-ELEC-UPS,
2,nb_schedule,NB100255,S1-H3-ELEC-UPS,
2,nb_schedule,NB100256,S1-H3-ELEC-BUS,
2,nb_schedule,NB100257,S1-H3-ELEC-BUS,
2,nb_schedule,NB100258,S1-H3-ELEC-BUS,
2,nb_schedule,NB100259,S1-H3-ELEC-BUS,
2,nb_schedule,NB100260,S1-H3-ELEC-BUS,
2,nb_schedule,NB100261,S1-H3-ELEC-BUS,
2,nb_schedule,NB100262,S1-H3-ELEC-BUS,
2,nb_schedule,NB100263,S1-H3-ELEC-BUS,
2,nb_schedule,NB100264,S1-H3-ELEC-BUS,dup_id
2,nb_schedule,NB100265,S1-H3-ELEC-BUS,
2,nb_schedule,NB100266,S1-H3-ELEC-BUS,
2,nb_schedule,NB100267,S1-H3-ELEC-BUS,dup_id
2,nb_schedule,NB100268,S1-H3-ELEC-BUS,
2,nb_schedule,NB100269,S1-H3-ELEC-BUS,
2,nb_schedule,NB100270,S1-H3-ELEC-BUS,
2,nb_schedule,NB100271,S1-H3-MECH-CRAH,
2,nb_schedule,NB100272,S1-H3-MECH-CRAH,
2,nb_schedule,NB100273,S1-H3-MECH-CRAH,
2,nb_schedule,NB100274,S1-H3-MECH-CRAH,
2,nb_schedule,NB100275,S1-H3-MECH-CRAH,
2,nb_schedule,NB100276,S1-H3-MECH-CRAH,
2,nb_schedule,NB100277,S1-H3-MECH-CRAH,
2,nb_schedule,NB100278,S1-H3-MECH-CRAH,
2,nb_schedule,NB100279,S1-H3-MECH-CRAH,
2,nb_schedule,NB111656,S1-H3-MECH-CRAH,
2,nb_schedule,NB100281,S1-H3-MECH-CRAH,|ambiguous_id
2,nb_schedule,NB100281,S1-H3-MECH-CRAH,dup_id|ambiguous_id
2,nb_schedule,NB100283,S1-H3-MECH-CRAH,
2,nb_schedule,NB100284,S1-H3-MECH-CRAH,
2,nb_schedule,NB100285,S1-H3-MECH-CRAH,
2,nb_schedule,NB100286,S1-H3-MECH-CRAH,
2,nb_schedule,NB100287,S1-H3-MECH-CRAH,
2,nb_schedule,NB100288,S1-H3-MECH-CRAH,
2,nb_schedule,NB100289,S1-H3-MECH-CRAH,
2,nb_schedule,NB100290,S1-H3-MECH-CRAH,
2,nb_schedule,NB100291,S1-H3-MECH-CRAH,
2,nb_schedule,NB100292,S1-H3-MECH-CRAH,
2,nb_schedule,NB111657,S1-H3-MECH-CRAH,
2,nb_schedule,NB100294,S1-H3-MECH-CRAH,
2,nb_schedule,NB100295,S1-H3-MECH-CHW,
2,nb_schedule,NB100296,S1-H3-MECH-CHW,blank_id
2,nb_schedule,NB100297,S1-H3-MECH-CHW,
2,nb_schedule,NB100298,S1-H3-MECH-CHW,dup_id
2,nb_schedule,NB100299,S1-H3-MECH-CHW,blank_id
2,nb_schedule,NB100300,S1-H3-MECH-CHW,
2,nb_schedule,NB100301,S1-H3-CTRL-BMS,
2,nb_schedule,NB100302,S1-H3-CTRL-BMS,
2,nb_schedule,NB100303,S1-H3-CTRL-BMS,
2,nb_schedule,NB100304,S1-H3-CTRL-BMS,
2,nb_schedule,NB100305,S1-H3-CTRL-BMS,
2,nb_schedule,NB100306,S1-H3-CTRL-BMS,
2,nb_schedule,NB100307,S1-H3-CTRL-BMS,
2,nb_schedule,NB100308,S1-H3-CTRL-BMS,
2,nb_schedule,NB100309,S1-H3-CTRL-BMS,
2,nb_schedule,NB100310,S1-H3-CTRL-BMS,
2,nb_schedule,NB100311,S1-H3-CTRL-BMS,
2,nb_schedule,NB100312,S1-H3-CTRL-BMS,
2,nb_schedule,NB100313,S1-H3-CTRL-BMS,
2,nb_schedule,NB100314,S1-H3-CTRL-BMS,
2,nb_schedule,NB100315,S1-H3-CTRL-BMS,
2,nb_schedule,NB100316,S1-H3-CTRL-BMS,
2,nb_schedule,NB100317,S1-H3-CTRL-BMS,
2,nb_schedule,NB100318,S1-H3-CTRL-BMS,
2,nb_schedule,NB100319,S1-H3-CTRL-BMS,
2,nb_schedule,NB111658,S1-H3-CTRL-BMS,
2,nb_schedule,NB100321,S1-H3-CTRL-BMS,
2,nb_schedule,NB100322,S1-H3-CTRL-EPMS,
2,nb_schedule,NB100323,S1-H3-CTRL-EPMS,
2,nb_schedule,NB100324,S1-H3-CTRL-EPMS,
2,nb_schedule,NB100325,S1-H3-CTRL-EPMS,
2,nb_schedule,NB100326,S1-H3-CTRL-EPMS,
2,nb_schedule,NB100327,S1-H3-CTRL-EPMS,
2,nb_schedule,NB100328,S1-H3-CTRL-EPMS,
2,nb_schedule,NB100329,S1-H3-CTRL-EPMS,
2,nb_schedule,NB100330,S1-H3-CTRL-EPMS,
2,nb_schedule,NB100331,S1-H3-CTRL-EPMS,
2,nb_schedule,NB100332,S1-H3-CTRL-EPMS,
2,nb_schedule,NB100333,S1-H3-CTRL-EPMS,
2,nb_schedule,NB100334,S1-H3-CTRL-EPMS,
2,nb_schedule,NB100335,S1-H3-CTRL-EPMS,
2,nb_schedule,NB100336,S1-H3-CTRL-EPMS,
2,nb_schedule,NB100337,NO_WBS,loe
2,nb_schedule,NB100338,NO_WBS,loe
2,nb_schedule,NB100339,NO_WBS,loe
2,nb_schedule,NB100340,S1-H1-ELEC-SWG,
2,nb_schedule,NB100341,S1-H2-ELEC-SWG,
2,nb_schedule,NB100342,S1-H3-ELEC-SWG,
3,nb_schedule,NB100001,S1-H1-ELEC-SWG,
3,nb_schedule,NB100002,S1-H1-ELEC-SWG,
3,nb_schedule,NB100003,S1-H1-ELEC-SWG,
3,nb_schedule,NB100004,S1-H1-ELEC-SWG,
3,nb_schedule,NB100005,S1-H1-ELEC-SWG,
3,nb_schedule,NB100006,S1-H1-ELEC-SWG,
3,nb_schedule,NB100007,S1-H1-ELEC-SWG,
3,nb_schedule,NB100008,S1-H1-ELEC-SWG,
3,nb_schedule,NB100009,S1-H1-ELEC-SWG,
3,nb_schedule,NB100010,S1-H1-ELEC-SWG,
3,nb_schedule,NB100011,S1-H1-ELEC-SWG,
3,nb_schedule,NB100012,S1-H1-ELEC-SWG,
3,nb_schedule,NB111645,S1-H1-ELEC-UPS,
3,nb_schedule,NB100014,S1-H1-ELEC-UPS,
3,nb_schedule,NB100015,S1-H1-ELEC-UPS,
3,nb_schedule,NB100016,S1-H1-ELEC-UPS,
3,nb_schedule,NB100017,S1-H1-ELEC-UPS,
3,nb_schedule,NB111646,S1-H1-ELEC-UPS,
3,nb_schedule,NB100019,S1-H1-ELEC-UPS,dup_id
3,nb_schedule,NB100020,S1-H1-ELEC-UPS,dup_id
3,nb_schedule,NB100021,S1-H1-ELEC-UPS,
3,nb_schedule,NB100022,S1-H1-ELEC-UPS,
3,nb_schedule,NB111659,S1-H1-ELEC-UPS,
3,nb_schedule,NB100024,S1-H1-ELEC-UPS,
3,nb_schedule,NB100025,S1-H1-ELEC-UPS,
3,nb_schedule,NB100026,S1-H1-ELEC-UPS,
3,nb_schedule,NB100027,S1-H1-ELEC-UPS,
3,nb_schedule,NB100028,S1-H1-ELEC-UPS,
3,nb_schedule,NB100029,S1-H1-ELEC-UPS,
3,nb_schedule,NB100030,S1-H1-ELEC-UPS,
3,nb_schedule,NB100031,S1-H1-ELEC-BUS,
3,nb_schedule,NB100032,S1-H1-ELEC-BUS,
3,nb_schedule,NB100033,S1-H1-ELEC-BUS,
3,nb_schedule,NB100034,S1-H1-ELEC-BUS,
3,nb_schedule,NB100035,S1-H1-ELEC-BUS,
3,nb_schedule,NB100036,S1-H1-ELEC-BUS,
3,nb_schedule,NB111660,S1-H1-ELEC-BUS,
3,nb_schedule,NB100038,S1-H1-ELEC-BUS,
3,nb_schedule,NB100039,S1-H1-ELEC-BUS,blank_id
3,nb_schedule,NB100040,S1-H1-ELEC-BUS,
3,nb_schedule,NB100041,S1-H1-ELEC-BUS,
3,nb_schedule,NB100042,S1-H1-ELEC-BUS,
3,nb_schedule,NB100043,S1-H1-ELEC-BUS,
3,nb_schedule,NB100044,S1-H1-ELEC-BUS,dup_id
3,nb_schedule,NB100045,S1-H1-ELEC-BUS,
3,nb_schedule,NB100046,S1-H1-ELEC-BUS,
3,nb_schedule,NB100047,S1-H1-ELEC-BUS,
3,nb_schedule,NB100048,S1-H1-ELEC-BUS,
3,nb_schedule,NB100049,S1-H1-MECH-CRAH,
3,nb_schedule,NB100050,S1-H1-MECH-CRAH,
3,nb_schedule,NB100051,S1-H1-MECH-CRAH,
3,nb_schedule,NB100052,S1-H1-MECH-CRAH,
3,nb_schedule,NB100053,S1-H1-MECH-CRAH,
3,nb_schedule,NB100054,S1-H1-MECH-CRAH,
3,nb_schedule,NB100055,S1-H1-MECH-CRAH,
3,nb_schedule,NB100056,S1-H1-MECH-CRAH,
3,nb_schedule,NB100057,S1-H1-MECH-CRAH,
3,nb_schedule,NB100058,S1-H1-MECH-CRAH,
3,nb_schedule,NB100059,S1-H1-MECH-CRAH,
3,nb_schedule,NB100060,S1-H1-MECH-CRAH,
3,nb_schedule,NB100061,S1-H1-MECH-CRAH,
3,nb_schedule,NB100062,S1-H1-MECH-CRAH,
3,nb_schedule,NB100063,S1-H1-MECH-CRAH,
3,nb_schedule,NB100064,S1-H1-MECH-CRAH,
3,nb_schedule,NB100065,S1-H1-MECH-CRAH,
3,nb_schedule,NB100066,S1-H1-MECH-CRAH,
3,nb_schedule,NB100067,S1-H1-MECH-CHW,
3,nb_schedule,NB100068,S1-H1-MECH-CHW,
3,nb_schedule,NB100069,S1-H1-MECH-CHW,
3,nb_schedule,NB100070,S1-H1-MECH-CHW,
3,nb_schedule,NB100071,S1-H1-MECH-CHW,
3,nb_schedule,NB100072,S1-H1-MECH-CHW,
3,nb_schedule,NB100073,S1-H1-MECH-CHW,
3,nb_schedule,NB100074,S1-H1-MECH-CHW,
3,nb_schedule,NB100075,S1-H1-MECH-CHW,
3,nb_schedule,NB100076,S1-H1-CTRL-BMS,
3,nb_schedule,NB100077,S1-H1-CTRL-BMS,
3,nb_schedule,NB100078,S1-H1-CTRL-BMS,
3,nb_schedule,NB100079,S1-H1-CTRL-BMS,
3,nb_schedule,NB100080,S1-H1-CTRL-BMS,
3,nb_schedule,NB100081,S1-H1-CTRL-BMS,
3,nb_schedule,NB100082,S1-H1-CTRL-BMS,
3,nb_schedule,NB100083,S1-H1-CTRL-BMS,
3,nb_schedule,NB100084,S1-H1-CTRL-BMS,
3,nb_schedule,NB100085,S1-H1-CTRL-BMS,
3,nb_schedule,NB100086,S1-H1-CTRL-BMS,
3,nb_schedule,NB100087,S1-H1-CTRL-BMS,
3,nb_schedule,NB100088,S1-H1-CTRL-BMS,
3,nb_schedule,NB111661,S1-H1-CTRL-BMS,
3,nb_schedule,NB111662,S1-H1-CTRL-BMS,|ambiguous_id
3,nb_schedule,NB111662,S1-H1-CTRL-BMS,dup_id|ambiguous_id
3,nb_schedule,NB100092,S1-H1-CTRL-BMS,
3,nb_schedule,NB100093,S1-H1-CTRL-BMS,
3,nb_schedule,NB100094,S1-H1-CTRL-BMS,
3,nb_schedule,NB100095,S1-H1-CTRL-BMS,
3,nb_schedule,NB100096,S1-H1-CTRL-BMS,
3,nb_schedule,NB100097,S1-H1-CTRL-BMS,
3,nb_schedule,NB100098,S1-H1-CTRL-BMS,
3,nb_schedule,NB100099,S1-H1-CTRL-BMS,
3,nb_schedule,NB100100,S1-H1-CTRL-EPMS,
3,nb_schedule,NB100101,S1-H1-CTRL-EPMS,
3,nb_schedule,NB100102,S1-H1-CTRL-EPMS,
3,nb_schedule,NB100103,S1-H1-CTRL-EPMS,
3,nb_schedule,NB100104,S1-H1-CTRL-EPMS,
3,nb_schedule,NB100105,S1-H1-CTRL-EPMS,
3,nb_schedule,NB100106,S1-H1-CTRL-EPMS,
3,nb_schedule,NB100107,S1-H1-CTRL-EPMS,
3,nb_schedule,NB100108,S1-H1-CTRL-EPMS,
3,nb_schedule,NB100109,S1-H1-CTRL-EPMS,
3,nb_schedule,NB111647,S1-H1-CTRL-EPMS,
3,nb_schedule,NB100111,S1-H1-CTRL-EPMS,
3,nb_schedule,NB100112,S1-H1-CTRL-EPMS,
3,nb_schedule,NB100113,S1-H1-CTRL-EPMS,
3,nb_schedule,NB111663,S1-H1-CTRL-EPMS,
3,nb_schedule,NB100115,S1-H2-ELEC-SWG,
3,nb_schedule,NB111649,S1-H2-ELEC-SWG,
3,nb_schedule,NB100117,S1-H2-ELEC-SWG,
3,nb_schedule,NB100118,S1-H2-ELEC-SWG,
3,nb_schedule,NB100119,S1-H2-ELEC-SWG,
3,nb_schedule,NB100120,S1-H2-ELEC-SWG,
3,nb_schedule,NB100121,S1-H2-ELEC-SWG,
3,nb_schedule,NB100122,S1-H2-ELEC-SWG,
3,nb_schedule,NB100123,S1-H2-ELEC-SWG,
3,nb_schedule,NB100124,S1-H2-ELEC-SWG,dup_id
3,nb_schedule,NB100125,S1-H2-ELEC-SWG,
3,nb_schedule,NB100126,S1-H2-ELEC-SWG,
3,nb_schedule,NB100127,S1-H2-ELEC-UPS,blank_id
3,nb_schedule,NB111664,S1-H2-ELEC-UPS,blank_id
3,nb_schedule,NB100129,S1-H2-ELEC-UPS,
3,nb_schedule,NB100130,S1-H2-ELEC-UPS,
3,nb_schedule,NB100131,S1-H2-ELEC-UPS,
3,nb_schedule,NB100132,S1-H2-ELEC-UPS,
3,nb_schedule,NB100133,S1-H2-ELEC-UPS,
3,nb_schedule,,S1-H2-ELEC-UPS,blank_id|blank_id|ambiguous_id
3,nb_schedule,NB100135,S1-H2-ELEC-UPS,
3,nb_schedule,NB100136,S1-H2-ELEC-UPS,
3,nb_schedule,NB100137,S1-H2-ELEC-UPS,
3,nb_schedule,NB100138,S1-H2-ELEC-UPS,
3,nb_schedule,NB100139,S1-H2-ELEC-BUS,
3,nb_schedule,NB100140,S1-H2-ELEC-BUS,
3,nb_schedule,NB100141,S1-H2-ELEC-BUS,
3,nb_schedule,NB100142,S1-H2-ELEC-BUS,
3,nb_schedule,NB100143,S1-H2-ELEC-BUS,
3,nb_schedule,NB100144,S1-H2-ELEC-BUS,
3,nb_schedule,NB100145,S1-H2-ELEC-BUS,
3,nb_schedule,NB100146,S1-H2-ELEC-BUS,
3,nb_schedule,NB100147,S1-H2-ELEC-BUS,
3,nb_schedule,NB100148,S1-H2-ELEC-BUS,
3,nb_schedule,NB100149,S1-H2-ELEC-BUS,
3,nb_schedule,NB100150,S1-H2-ELEC-BUS,
3,nb_schedule,NB100151,S1-H2-ELEC-BUS,
3,nb_schedule,NB111665,S1-H2-ELEC-BUS,
3,nb_schedule,NB100153,S1-H2-ELEC-BUS,
3,nb_schedule,NB100154,S1-H2-ELEC-BUS,
3,nb_schedule,NB100155,S1-H2-ELEC-BUS,
3,nb_schedule,NB100156,S1-H2-ELEC-BUS,
3,nb_schedule,NB111666,S1-H2-ELEC-BUS,
3,nb_schedule,NB100158,S1-H2-ELEC-BUS,
3,nb_schedule,NB111667,S1-H2-ELEC-BUS,
3,nb_schedule,NB100160,S1-H2-ELEC-BUS,
3,nb_schedule,NB100161,S1-H2-ELEC-BUS,blank_id
3,nb_schedule,NB100162,S1-H2-ELEC-BUS,
3,nb_schedule,NB111668,S1-H2-MECH-CRAH,
3,nb_schedule,NB100164,S1-H2-MECH-CRAH,
3,nb_schedule,NB100165,S1-H2-MECH-CRAH,
3,nb_schedule,NB100166,S1-H2-MECH-CRAH,
3,nb_schedule,NB100167,S1-H2-MECH-CRAH,
3,nb_schedule,NB100168,S1-H2-MECH-CRAH,
3,nb_schedule,NB100169,S1-H2-MECH-CRAH,
3,nb_schedule,NB100170,S1-H2-MECH-CRAH,
3,nb_schedule,NB100171,S1-H2-MECH-CRAH,
3,nb_schedule,NB100172,S1-H2-MECH-CRAH,
3,nb_schedule,NB100173,S1-H2-MECH-CRAH,
3,nb_schedule,NB100174,S1-H2-MECH-CRAH,
3,nb_schedule,NB100175,S1-H2-MECH-CRAH,
3,nb_schedule,NB100176,S1-H2-MECH-CRAH,
3,nb_schedule,NB111650,S1-H2-MECH-CRAH,
3,nb_schedule,NB100178,S1-H2-MECH-CRAH,
3,nb_schedule,NB100179,S1-H2-MECH-CRAH,
3,nb_schedule,NB111651,S1-H2-MECH-CRAH,
3,nb_schedule,NB100181,S1-H2-MECH-CRAH,dup_id
3,nb_schedule,NB100182,S1-H2-MECH-CRAH,
3,nb_schedule,NB100183,S1-H2-MECH-CRAH,
3,nb_schedule,NB100184,S1-H2-MECH-CHW,
3,nb_schedule,NB100185,S1-H2-MECH-CHW,
3,nb_schedule,NB100186,S1-H2-MECH-CHW,
3,nb_schedule,NB100187,S1-H2-MECH-CHW,
3,nb_schedule,NB100188,S1-H2-MECH-CHW,
3,nb_schedule,NB100189,S1-H2-MECH-CHW,
3,nb_schedule,NB100190,S1-H2-CTRL-BMS,blank_id
3,nb_schedule,NB100191,S1-H2-CTRL-BMS,
3,nb_schedule,NB100192,S1-H2-CTRL-BMS,
3,nb_schedule,NB100193,S1-H2-CTRL-BMS,
3,nb_schedule,NB111652,S1-H2-CTRL-BMS,
3,nb_schedule,NB100195,S1-H2-CTRL-BMS,
3,nb_schedule,NB100196,S1-H2-CTRL-BMS,
3,nb_schedule,NB100197,S1-H2-CTRL-BMS,
3,nb_schedule,NB100198,S1-H2-CTRL-BMS,
3,nb_schedule,NB100199,S1-H2-CTRL-BMS,
3,nb_schedule,NB100200,S1-H2-CTRL-BMS,
3,nb_schedule,NB100201,S1-H2-CTRL-BMS,
3,nb_schedule,NB100202,S1-H2-CTRL-BMS,
3,nb_schedule,NB100203,S1-H2-CTRL-BMS,
3,nb_schedule,NB100204,S1-H2-CTRL-BMS,
3,nb_schedule,NB100205,S1-H2-CTRL-BMS,
3,nb_schedule,NB100206,S1-H2-CTRL-BMS,
3,nb_schedule,NB100207,S1-H2-CTRL-BMS,
3,nb_schedule,NB100208,S1-H2-CTRL-BMS,
3,nb_schedule,NB111669,S1-H2-CTRL-BMS,
3,nb_schedule,NB100210,S1-H2-CTRL-BMS,
3,nb_schedule,NB100211,S1-H2-CTRL-EPMS,
3,nb_schedule,NB100212,S1-H2-CTRL-EPMS,
3,nb_schedule,NB111653,S1-H2-CTRL-EPMS,
3,nb_schedule,NB100214,S1-H2-CTRL-EPMS,
3,nb_schedule,NB100215,S1-H2-CTRL-EPMS,blank_id
3,nb_schedule,NB100216,S1-H2-CTRL-EPMS,
3,nb_schedule,NB100217,S1-H2-CTRL-EPMS,
3,nb_schedule,NB100218,S1-H2-CTRL-EPMS,
3,nb_schedule,NB100219,S1-H2-CTRL-EPMS,
3,nb_schedule,NB100220,S1-H2-CTRL-EPMS,
3,nb_schedule,NB100221,S1-H2-CTRL-EPMS,blank_id
3,nb_schedule,NB100222,S1-H2-CTRL-EPMS,
3,nb_schedule,NB100223,S1-H2-CTRL-EPMS,
3,nb_schedule,NB100224,S1-H2-CTRL-EPMS,dup_id
3,nb_schedule,NB100225,S1-H2-CTRL-EPMS,
3,nb_schedule,NB100226,S1-H2-CTRL-EPMS,
3,nb_schedule,NB100227,S1-H2-CTRL-EPMS,
3,nb_schedule,NB100228,S1-H2-CTRL-EPMS,
3,nb_schedule,NB100229,S1-H3-ELEC-SWG,
3,nb_schedule,NB111654,S1-H3-ELEC-SWG,
3,nb_schedule,NB100231,S1-H3-ELEC-SWG,
3,nb_schedule,NB100232,S1-H3-ELEC-SWG,
3,nb_schedule,NB100233,S1-H3-ELEC-SWG,
3,nb_schedule,NB100234,S1-H3-ELEC-SWG,dup_id
3,nb_schedule,NB100235,S1-H3-ELEC-SWG,
3,nb_schedule,NB100236,S1-H3-ELEC-SWG,
3,nb_schedule,NB100237,S1-H3-ELEC-SWG,
3,nb_schedule,NB100238,S1-H3-ELEC-UPS,
3,nb_schedule,NB100239,S1-H3-ELEC-UPS,
3,nb_schedule,NB100240,S1-H3-ELEC-UPS,
3,nb_schedule,NB100241,S1-H3-ELEC-UPS,
3,nb_schedule,NB100242,S1-H3-ELEC-UPS,
3,nb_schedule,NB100243,S1-H3-ELEC-UPS,
3,nb_schedule,NB111670,S1-H3-ELEC-UPS,
3,nb_schedule,NB100245,S1-H3-ELEC-UPS,
3,nb_schedule,NB100246,S1-H3-ELEC-UPS,
3,nb_schedule,NB100247,S1-H3-ELEC-UPS,blank_id
3,nb_schedule,NB100248,S1-H3-ELEC-UPS,
3,nb_schedule,NB100249,S1-H3-ELEC-UPS,
3,nb_schedule,NB100250,S1-H3-ELEC-UPS,
3,nb_schedule,NB100251,S1-H3-ELEC-UPS,
3,nb_schedule,NB100252,S1-H3-ELEC-UPS,
3,nb_schedule,NB100253,S1-H3-ELEC-UPS,
3,nb_schedule,NB111655,S1-H3-ELEC-UPS,
3,nb_schedule,NB100255,S1-H3-ELEC-UPS,
3,nb_schedule,NB100256,S1-H3-ELEC-BUS,
3,nb_schedule,NB100257,S1-H3-ELEC-BUS,
3,nb_schedule,NB100258,S1-H3-ELEC-BUS,
3,nb_schedule,NB100259,S1-H3-ELEC-BUS,
3,nb_schedule,NB100260,S1-H3-ELEC-BUS,
3,nb_schedule,NB100261,S1-H3-ELEC-BUS,
3,nb_schedule,NB111671,S1-H3-ELEC-BUS,
3,nb_schedule,NB100263,S1-H3-ELEC-BUS,
3,nb_schedule,NB100264,S1-H3-ELEC-BUS,dup_id
3,nb_schedule,NB100265,S1-H3-ELEC-BUS,
3,nb_schedule,NB100266,S1-H3-ELEC-BUS,
3,nb_schedule,NB100267,S1-H3-ELEC-BUS,dup_id
3,nb_schedule,NB100268,S1-H3-ELEC-BUS,
3,nb_schedule,NB100269,S1-H3-ELEC-BUS,
3,nb_schedule,NB100270,S1-H3-ELEC-BUS,
3,nb_schedule,NB100271,S1-H3-MECH-CRAH,
3,nb_schedule,NB100272,S1-H3-MECH-CRAH,
3,nb_schedule,NB100273,S1-H3-MECH-CRAH,
3,nb_schedule,NB100274,S1-H3-MECH-CRAH,
3,nb_schedule,NB100275,S1-H3-MECH-CRAH,
3,nb_schedule,NB100276,S1-H3-MECH-CRAH,
3,nb_schedule,NB100277,S1-H3-MECH-CRAH,
3,nb_schedule,NB100278,S1-H3-MECH-CRAH,
3,nb_schedule,NB100279,S1-H3-MECH-CRAH,
3,nb_schedule,NB111656,S1-H3-MECH-CRAH,
3,nb_schedule,NB100281,S1-H3-MECH-CRAH,
3,nb_schedule,NB100282,S1-H3-MECH-CRAH,dup_id
3,nb_schedule,NB100283,S1-H3-MECH-CRAH,
3,nb_schedule,NB100284,S1-H3-MECH-CRAH,
3,nb_schedule,NB100285,S1-H3-MECH-CRAH,
3,nb_schedule,NB100286,S1-H3-MECH-CRAH,
3,nb_schedule,NB100287,S1-H3-MECH-CRAH,
3,nb_schedule,NB100288,S1-H3-MECH-CRAH,
3,nb_schedule,NB100289,S1-H3-MECH-CRAH,
3,nb_schedule,NB100290,S1-H3-MECH-CRAH,
3,nb_schedule,NB111672,S1-H3-MECH-CRAH,
3,nb_schedule,NB100292,S1-H3-MECH-CRAH,
3,nb_schedule,NB111657,S1-H3-MECH-CRAH,
3,nb_schedule,NB100294,S1-H3-MECH-CRAH,
3,nb_schedule,NB100295,S1-H3-MECH-CHW,
3,nb_schedule,NB100296,S1-H3-MECH-CHW,blank_id
3,nb_schedule,NB100297,S1-H3-MECH-CHW,
3,nb_schedule,NB100298,S1-H3-MECH-CHW,dup_id
3,nb_schedule,NB100299,S1-H3-MECH-CHW,blank_id
3,nb_schedule,NB100300,S1-H3-MECH-CHW,
3,nb_schedule,NB100301,S1-H3-CTRL-BMS,
3,nb_schedule,NB100302,S1-H3-CTRL-BMS,
3,nb_schedule,NB100303,S1-H3-CTRL-BMS,
3,nb_schedule,NB111673,S1-H3-CTRL-BMS,
3,nb_schedule,NB100305,S1-H3-CTRL-BMS,
3,nb_schedule,NB111674,S1-H3-CTRL-BMS,
3,nb_schedule,NB100307,S1-H3-CTRL-BMS,
3,nb_schedule,NB100308,S1-H3-CTRL-BMS,
3,nb_schedule,NB100309,S1-H3-CTRL-BMS,
3,nb_schedule,NB100310,S1-H3-CTRL-BMS,
3,nb_schedule,NB100311,S1-H3-CTRL-BMS,
3,nb_schedule,NB100312,S1-H3-CTRL-BMS,
3,nb_schedule,NB100313,S1-H3-CTRL-BMS,
3,nb_schedule,NB100314,S1-H3-CTRL-BMS,
3,nb_schedule,NB100315,S1-H3-CTRL-BMS,
3,nb_schedule,NB111675,S1-H3-CTRL-BMS,
3,nb_schedule,NB100317,S1-H3-CTRL-BMS,
3,nb_schedule,NB100318,S1-H3-CTRL-BMS,
3,nb_schedule,NB100319,S1-H3-CTRL-BMS,
3,nb_schedule,NB111658,S1-H3-CTRL-BMS,
3,nb_schedule,NB100321,S1-H3-CTRL-BMS,
3,nb_schedule,NB100322,S1-H3-CTRL-EPMS,
3,nb_schedule,NB100323,S1-H3-CTRL-EPMS,
3,nb_schedule,NB100324,S1-H3-CTRL-EPMS,
3,nb_schedule,NB100325,S1-H3-CTRL-EPMS,
3,nb_schedule,NB100326,S1-H3-CTRL-EPMS,
3,nb_schedule,NB100327,S1-H3-CTRL-EPMS,
3,nb_schedule,NB100328,S1-H3-CTRL-EPMS,
3,nb_schedule,NB100329,S1-H3-CTRL-EPMS,
3,nb_schedule,NB100330,S1-H3-CTRL-EPMS,
3,nb_schedule,NB100331,S1-H3-CTRL-EPMS,
3,nb_schedule,NB100332,S1-H3-CTRL-EPMS,
3,nb_schedule,NB100333,S1-H3-CTRL-EPMS,
3,nb_schedule,NB111676,S1-H3-CTRL-EPMS,
3,nb_schedule,NB100335,S1-H3-CTRL-EPMS,
3,nb_schedule,NB100336,S1-H3-CTRL-EPMS,
3,nb_schedule,NB100337,NO_WBS,loe
3,nb_schedule,NB100338,NO_WBS,loe
3,nb_schedule,NB100339,NO_WBS,loe
3,nb_schedule,NB100340,S1-H1-ELEC-SWG,
3,nb_schedule,NB100341,S1-H2-ELEC-SWG,
3,nb_schedule,NB100342,S1-H3-ELEC-SWG,
1,nb_sov,101,S1-H1-ELEC-SWG,
1,nb_sov,102,S1-H1-ELEC-SWG,
1,nb_sov,103,S1-H1-ELEC-UPS,
1,nb_sov,104,S1-H1-ELEC-UPS,
1,nb_sov,105,S1-H1-ELEC-BUS,
1,nb_sov,106,S1-H1-ELEC-BUS,
1,nb_sov,107,S1-H1-MECH-CRAH,
1,nb_sov,108,S1-H1-MECH-CRAH,
1,nb_sov,109,S1-H1-MECH-CHW,
1,nb_sov,110,S1-H1-MECH-CHW,
1,nb_sov,111,S1-H1-CTRL-BMS,
1,nb_sov,112,S1-H1-CTRL-BMS,
1,nb_sov,113,S1-H1-CTRL-EPMS,
1,nb_sov,114,S1-H1-CTRL-EPMS,
1,nb_sov,115,S1-H2-ELEC-SWG,
1,nb_sov,116,S1-H2-ELEC-SWG,
1,nb_sov,117,S1-H2-ELEC-UPS,
1,nb_sov,118,S1-H2-ELEC-UPS,
1,nb_sov,119,S1-H2-ELEC-BUS,
1,nb_sov,120,S1-H2-ELEC-BUS,
1,nb_sov,121,S1-H2-MECH-CRAH,
1,nb_sov,122,S1-H2-MECH-CRAH,
1,nb_sov,123,S1-H2-MECH-CHW,
1,nb_sov,124,S1-H2-MECH-CHW,
1,nb_sov,125,S1-H2-CTRL-BMS,
1,nb_sov,126,S1-H2-CTRL-BMS,
1,nb_sov,127,S1-H2-CTRL-EPMS,
1,nb_sov,128,S1-H2-CTRL-EPMS,
1,nb_sov,129,S1-H3-ELEC-SWG,
1,nb_sov,130,S1-H3-ELEC-SWG,
1,nb_sov,131,S1-H3-ELEC-UPS,
1,nb_sov,132,S1-H3-ELEC-UPS,
1,nb_sov,133,S1-H3-ELEC-BUS,
1,nb_sov,134,S1-H3-ELEC-BUS,
1,nb_sov,135,S1-H3-MECH-CRAH,
1,nb_sov,136,S1-H3-MECH-CRAH,
1,nb_sov,137,S1-H3-MECH-CHW,
1,nb_sov,138,S1-H3-MECH-CHW,
1,nb_sov,139,S1-H3-CTRL-BMS,
1,nb_sov,140,S1-H3-CTRL-BMS,
1,nb_sov,141,S1-H3-CTRL-EPMS,
1,nb_sov,142,S1-H3-CTRL-EPMS,
1,nb_sov,143,NO_WBS,indirect
2,nb_sov,101,S1-H1-ELEC-SWG,
2,nb_sov,102,S1-H1-ELEC-SWG,
2,nb_sov,103,S1-H1-ELEC-UPS,
2,nb_sov,104,S1-H1-ELEC-UPS,
2,nb_sov,105,S1-H1-ELEC-BUS,
2,nb_sov,106,S1-H1-ELEC-BUS,
2,nb_sov,14758,S1-H1-MECH-CRAH,
2,nb_sov,108,S1-H1-MECH-CRAH,
2,nb_sov,109,S1-H1-MECH-CHW,
2,nb_sov,110,S1-H1-MECH-CHW,
2,nb_sov,111,S1-H1-CTRL-BMS,
2,nb_sov,112,S1-H1-CTRL-BMS,
2,nb_sov,113,S1-H1-CTRL-EPMS,
2,nb_sov,114,S1-H1-CTRL-EPMS,
2,nb_sov,115,S1-H2-ELEC-SWG,
2,nb_sov,116,S1-H2-ELEC-SWG,
2,nb_sov,117,S1-H2-ELEC-UPS,
2,nb_sov,14759,S1-H2-ELEC-UPS,
2,nb_sov,119,S1-H2-ELEC-BUS,
2,nb_sov,14760,S1-H2-ELEC-BUS,
2,nb_sov,121,S1-H2-MECH-CRAH,
2,nb_sov,122,S1-H2-MECH-CRAH,
2,nb_sov,123,S1-H2-MECH-CHW,
2,nb_sov,124,S1-H2-MECH-CHW,
2,nb_sov,125,S1-H2-CTRL-BMS,
2,nb_sov,126,S1-H2-CTRL-BMS,
2,nb_sov,127,S1-H2-CTRL-EPMS,
2,nb_sov,128,S1-H2-CTRL-EPMS,
2,nb_sov,129,S1-H3-ELEC-SWG,
2,nb_sov,130,S1-H3-ELEC-SWG,
2,nb_sov,131,S1-H3-ELEC-UPS,
2,nb_sov,132,S1-H3-ELEC-UPS,
2,nb_sov,133,S1-H3-ELEC-BUS,
2,nb_sov,134,S1-H3-ELEC-BUS,
2,nb_sov,135,S1-H3-MECH-CRAH,
2,nb_sov,136,S1-H3-MECH-CRAH,
2,nb_sov,137,S1-H3-MECH-CHW,
2,nb_sov,138,S1-H3-MECH-CHW,
2,nb_sov,139,S1-H3-CTRL-BMS,
2,nb_sov,140,S1-H3-CTRL-BMS,
2,nb_sov,141,S1-H3-CTRL-EPMS,
2,nb_sov,142,S1-H3-CTRL-EPMS,
2,nb_sov,143,NO_WBS,indirect
3,nb_sov,101,S1-H1-ELEC-SWG,
3,nb_sov,14761,S1-H1-ELEC-SWG,
3,nb_sov,103,S1-H1-ELEC-UPS,
3,nb_sov,104,S1-H1-ELEC-UPS,
3,nb_sov,105,S1-H1-ELEC-BUS,
3,nb_sov,106,S1-H1-ELEC-BUS,
3,nb_sov,14758,S1-H1-MECH-CRAH,
3,nb_sov,108,S1-H1-MECH-CRAH,
3,nb_sov,109,S1-H1-MECH-CHW,
3,nb_sov,110,S1-H1-MECH-CHW,
3,nb_sov,111,S1-H1-CTRL-BMS,
3,nb_sov,14762,S1-H1-CTRL-BMS,
3,nb_sov,113,S1-H1-CTRL-EPMS,
3,nb_sov,114,S1-H1-CTRL-EPMS,
3,nb_sov,115,S1-H2-ELEC-SWG,
3,nb_sov,116,S1-H2-ELEC-SWG,
3,nb_sov,117,S1-H2-ELEC-UPS,
3,nb_sov,14759,S1-H2-ELEC-UPS,
3,nb_sov,119,S1-H2-ELEC-BUS,
3,nb_sov,14760,S1-H2-ELEC-BUS,
3,nb_sov,121,S1-H2-MECH-CRAH,
3,nb_sov,122,S1-H2-MECH-CRAH,
3,nb_sov,123,S1-H2-MECH-CHW,
3,nb_sov,124,S1-H2-MECH-CHW,
3,nb_sov,125,S1-H2-CTRL-BMS,
3,nb_sov,126,S1-H2-CTRL-BMS,
3,nb_sov,127,S1-H2-CTRL-EPMS,
3,nb_sov,128,S1-H2-CTRL-EPMS,
3,nb_sov,129,S1-H3-ELEC-SWG,
3,nb_sov,130,S1-H3-ELEC-SWG,
3,nb_sov,14763,S1-H3-ELEC-UPS,
3,nb_sov,132,S1-H3-ELEC-UPS,
3,nb_sov,133,S1-H3-ELEC-BUS,
3,nb_sov,134,S1-H3-ELEC-BUS,
3,nb_sov,135,S1-H3-MECH-CRAH,
3,nb_sov,136,S1-H3-MECH-CRAH,
3,nb_sov,137,S1-H3-MECH-CHW,
3,nb_sov,138,S1-H3-MECH-CHW,
3,nb_sov,139,S1-H3-CTRL-BMS,
3,nb_sov,140,S1-H3-CTRL-BMS,
3,nb_sov,141,S1-H3-CTRL-EPMS,
3,nb_sov,142,S1-H3-CTRL-EPMS,
3,nb_sov,143,NO_WBS,indirect
1,el1_progress,EL1-H01-001,S1-H1-ELEC-SWG,
1,el1_progress,EL1-H01-002,S1-H1-ELEC-SWG,
1,el1_progress,EL1-H01-003,S1-H1-ELEC-SWG,
1,el1_progress,EL1-H01-004,S1-H1-ELEC-SWG,
1,el1_progress,EL1-H01-005,S1-H1-ELEC-SWG,
1,el1_progress,EL1-H01-006,S1-H1-ELEC-SWG,
1,el1_progress,EL1-H01-007,S1-H1-ELEC-SWG,
1,el1_progress,EL1-H01-008,S1-H1-ELEC-SWG,
1,el1_progress,EL1-H01-009,S1-H1-ELEC-SWG,
1,el1_progress,EL1-H01-010,S1-H1-ELEC-SWG,
1,el1_progress,EL1-H01-011,S1-H1-ELEC-SWG,
1,el1_progress,EL1-H01-012,S1-H1-ELEC-SWG,
1,el1_progress,EL1-H02-013,S1-H2-ELEC-SWG,
1,el1_progress,EL1-H02-014,S1-H2-ELEC-SWG,
1,el1_progress,EL1-H02-015,S1-H2-ELEC-SWG,
1,el1_progress,EL1-H02-016,S1-H2-ELEC-SWG,
1,el1_progress,EL1-H02-017,S1-H2-ELEC-SWG,
1,el1_progress,EL1-H02-018,S1-H2-ELEC-SWG,
1,el1_progress,EL1-H02-019,S1-H2-ELEC-SWG,
1,el1_progress,EL1-H02-020,S1-H2-ELEC-SWG,
1,el1_progress,EL1-H02-021,S1-H2-ELEC-SWG,
1,el1_progress,EL1-H02-022,S1-H2-ELEC-SWG,
1,el1_progress,EL1-H02-023,S1-H2-ELEC-SWG,
1,el1_progress,EL1-H02-024,S1-H2-ELEC-SWG,
1,el1_progress,EL1-H03-025,S1-H3-ELEC-SWG,
1,el1_progress,EL1-H03-026,S1-H3-ELEC-SWG,
1,el1_progress,EL1-H03-027,S1-H3-ELEC-SWG,
1,el1_progress,EL1-H03-028,S1-H3-ELEC-SWG,
1,el1_progress,EL1-H03-029,S1-H3-ELEC-SWG,
1,el1_progress,EL1-H03-030,S1-H3-ELEC-SWG,
1,el1_progress,EL1-H03-031,S1-H3-ELEC-SWG,
1,el1_progress,EL1-H03-032,S1-H3-ELEC-SWG,
1,el1_progress,EL1-H03-033,S1-H3-ELEC-SWG,
1,el1_progress,EL1-H02-034,NO_WBS,decoy
1,el1_progress,EL1-H01-035,NO_WBS,decoy
2,el1_progress,EL1-H01-001,S1-H1-ELEC-SWG,
2,el1_progress,EL1-H01-002,S1-H1-ELEC-SWG,
2,el1_progress,EL1-H01-003,S1-H1-ELEC-SWG,
2,el1_progress,EL1-H01-004,S1-H1-ELEC-SWG,
2,el1_progress,EL1-H01-005,S1-H1-ELEC-SWG,
2,el1_progress,EL1-H01-006,S1-H1-ELEC-SWG,
2,el1_progress,EL1-H01-007,S1-H1-ELEC-SWG,
2,el1_progress,EL1-H01-008,S1-H1-ELEC-SWG,
2,el1_progress,EL1-H01-009,S1-H1-ELEC-SWG,
2,el1_progress,EL1-H01-010,S1-H1-ELEC-SWG,
2,el1_progress,EL1-H01-011,S1-H1-ELEC-SWG,
2,el1_progress,EL1-H01-2654,S1-H1-ELEC-SWG,
2,el1_progress,EL1-H02-013,S1-H2-ELEC-SWG,
2,el1_progress,EL1-H02-014,S1-H2-ELEC-SWG,
2,el1_progress,EL1-H02-015,S1-H2-ELEC-SWG,
2,el1_progress,EL1-H02-016,S1-H2-ELEC-SWG,
2,el1_progress,EL1-H02-017,S1-H2-ELEC-SWG,
2,el1_progress,EL1-H02-018,S1-H2-ELEC-SWG,
2,el1_progress,EL1-H02-2655,S1-H2-ELEC-SWG,
2,el1_progress,EL1-H02-020,S1-H2-ELEC-SWG,
2,el1_progress,EL1-H02-021,S1-H2-ELEC-SWG,
2,el1_progress,EL1-H02-022,S1-H2-ELEC-SWG,
2,el1_progress,EL1-H02-023,S1-H2-ELEC-SWG,
2,el1_progress,EL1-H02-024,S1-H2-ELEC-SWG,
2,el1_progress,EL1-H03-025,S1-H3-ELEC-SWG,
2,el1_progress,EL1-H03-026,S1-H3-ELEC-SWG,
2,el1_progress,EL1-H03-027,S1-H3-ELEC-SWG,
2,el1_progress,EL1-H03-028,S1-H3-ELEC-SWG,
2,el1_progress,EL1-H03-029,S1-H3-ELEC-SWG,
2,el1_progress,EL1-H03-030,S1-H3-ELEC-SWG,
2,el1_progress,EL1-H03-031,S1-H3-ELEC-SWG,
2,el1_progress,EL1-H03-032,S1-H3-ELEC-SWG,
2,el1_progress,EL1-H03-033,S1-H3-ELEC-SWG,
2,el1_progress,EL1-H02-034,NO_WBS,decoy
2,el1_progress,EL1-H01-035,NO_WBS,decoy
3,el1_progress,EL1-H01-001,S1-H1-ELEC-SWG,
3,el1_progress,EL1-H01-002,S1-H1-ELEC-SWG,
3,el1_progress,EL1-H01-003,S1-H1-ELEC-SWG,
3,el1_progress,EL1-H01-2656,S1-H1-ELEC-SWG,
3,el1_progress,EL1-H01-005,S1-H1-ELEC-SWG,
3,el1_progress,EL1-H01-006,S1-H1-ELEC-SWG,
3,el1_progress,EL1-H01-007,S1-H1-ELEC-SWG,
3,el1_progress,EL1-H01-008,S1-H1-ELEC-SWG,
3,el1_progress,EL1-H01-009,S1-H1-ELEC-SWG,
3,el1_progress,EL1-H01-010,S1-H1-ELEC-SWG,
3,el1_progress,EL1-H01-011,S1-H1-ELEC-SWG,
3,el1_progress,EL1-H01-2654,S1-H1-ELEC-SWG,
3,el1_progress,EL1-H02-013,S1-H2-ELEC-SWG,
3,el1_progress,EL1-H02-014,S1-H2-ELEC-SWG,
3,el1_progress,EL1-H02-015,S1-H2-ELEC-SWG,
3,el1_progress,EL1-H02-016,S1-H2-ELEC-SWG,
3,el1_progress,EL1-H02-017,S1-H2-ELEC-SWG,
3,el1_progress,EL1-H02-018,S1-H2-ELEC-SWG,
3,el1_progress,EL1-H02-2655,S1-H2-ELEC-SWG,
3,el1_progress,EL1-H02-020,S1-H2-ELEC-SWG,
3,el1_progress,EL1-H02-021,S1-H2-ELEC-SWG,
3,el1_progress,EL1-H02-022,S1-H2-ELEC-SWG,
3,el1_progress,EL1-H02-023,S1-H2-ELEC-SWG,
3,el1_progress,EL1-H02-024,S1-H2-ELEC-SWG,
3,el1_progress,EL1-H03-025,S1-H3-ELEC-SWG,
3,el1_progress,EL1-H03-026,S1-H3-ELEC-SWG,
3,el1_progress,EL1-H03-027,S1-H3-ELEC-SWG,
3,el1_progress,EL1-H03-028,S1-H3-ELEC-SWG,
3,el1_progress,EL1-H03-029,S1-H3-ELEC-SWG,
3,el1_progress,EL1-H03-030,S1-H3-ELEC-SWG,
3,el1_progress,EL1-H03-031,S1-H3-ELEC-SWG,
3,el1_progress,EL1-H03-032,S1-H3-ELEC-SWG,
3,el1_progress,EL1-H03-033,S1-H3-ELEC-SWG,
3,el1_progress,EL1-H02-034,NO_WBS,decoy
3,el1_progress,EL1-H01-2657,NO_WBS,decoy
1,fb1_progress,10001,S1-H1-ELEC-SWG,fabricator_overlap
1,fb1_progress,10002,S1-H1-ELEC-SWG,fabricator_overlap
1,fb1_progress,10003,S1-H1-ELEC-SWG,fabricator_overlap
1,fb1_progress,10004,S1-H1-ELEC-SWG,fabricator_overlap
1,fb1_progress,61856,S1-H2-ELEC-SWG,fabricator_overlap
1,fb1_progress,61858,S1-H2-ELEC-SWG,fabricator_overlap
1,fb1_progress,61860,S1-H2-ELEC-SWG,fabricator_overlap
1,fb1_progress,61862,S1-H2-ELEC-SWG,fabricator_overlap
1,fb1_progress,61864,S1-H3-ELEC-SWG,fabricator_overlap
1,fb1_progress,61866,S1-H3-ELEC-SWG,fabricator_overlap
1,fb1_progress,61868,S1-H3-ELEC-SWG,fabricator_overlap
2,fb1_progress,10001,S1-H1-ELEC-SWG,fabricator_overlap
2,fb1_progress,10002,S1-H1-ELEC-SWG,fabricator_overlap
2,fb1_progress,10003,S1-H1-ELEC-SWG,fabricator_overlap
2,fb1_progress,10004,S1-H1-ELEC-SWG,fabricator_overlap
2,fb1_progress,61856,S1-H2-ELEC-SWG,fabricator_overlap
2,fb1_progress,61858,S1-H2-ELEC-SWG,fabricator_overlap
2,fb1_progress,61860,S1-H2-ELEC-SWG,fabricator_overlap
2,fb1_progress,61862,S1-H2-ELEC-SWG,fabricator_overlap
2,fb1_progress,61864,S1-H3-ELEC-SWG,fabricator_overlap
2,fb1_progress,61866,S1-H3-ELEC-SWG,fabricator_overlap
2,fb1_progress,61868,S1-H3-ELEC-SWG,fabricator_overlap
3,fb1_progress,10001,S1-H1-ELEC-SWG,fabricator_overlap
3,fb1_progress,10002,S1-H1-ELEC-SWG,fabricator_overlap
3,fb1_progress,10003,S1-H1-ELEC-SWG,fabricator_overlap
3,fb1_progress,10004,S1-H1-ELEC-SWG,fabricator_overlap
3,fb1_progress,61856,S1-H2-ELEC-SWG,fabricator_overlap
3,fb1_progress,61858,S1-H2-ELEC-SWG,fabricator_overlap
3,fb1_progress,61860,S1-H2-ELEC-SWG,fabricator_overlap
3,fb1_progress,61869,S1-H2-ELEC-SWG,fabricator_overlap
3,fb1_progress,61864,S1-H3-ELEC-SWG,fabricator_overlap
3,fb1_progress,61866,S1-H3-ELEC-SWG,fabricator_overlap
3,fb1_progress,61868,S1-H3-ELEC-SWG,fabricator_overlap
1,el2_progress,UPS-1001,S1-H1-ELEC-UPS,
1,el2_progress,UPS-1002,S1-H1-ELEC-UPS,
1,el2_progress,UPS-1003,S1-H1-ELEC-UPS,
1,el2_progress,UPS-1004,S1-H1-ELEC-UPS,
1,el2_progress,UPS-1005,S1-H1-ELEC-UPS,
1,el2_progress,UPS-1006,S1-H1-ELEC-UPS,
1,el2_progress,UPS-1007,S1-H1-ELEC-UPS,
1,el2_progress,UPS-1008,S1-H1-ELEC-UPS,
1,el2_progress,UPS-1009,S1-H1-ELEC-UPS,
1,el2_progress,UPS-1010,S1-H1-ELEC-UPS,
1,el2_progress,UPS-1011,S1-H1-ELEC-UPS,
1,el2_progress,UPS-1012,S1-H1-ELEC-UPS,
1,el2_progress,UPS-1013,S1-H1-ELEC-UPS,
1,el2_progress,UPS-1014,S1-H1-ELEC-UPS,
1,el2_progress,UPS-1015,S1-H1-ELEC-UPS,
1,el2_progress,UPS-1016,S1-H1-ELEC-UPS,reused_old_id
1,el2_progress,UPS-1017,S1-H1-ELEC-UPS,reused_old_id
1,el2_progress,UPS-1018,S1-H1-ELEC-UPS,
1,el2_progress,UPS-2019,S1-H2-ELEC-UPS,
1,el2_progress,UPS-2020,S1-H2-ELEC-UPS,
1,el2_progress,UPS-2021,S1-H2-ELEC-UPS,
1,el2_progress,UPS-2022,S1-H2-ELEC-UPS,
1,el2_progress,UPS-2023,S1-H2-ELEC-UPS,
1,el2_progress,UPS-2024,S1-H2-ELEC-UPS,
1,el2_progress,UPS-2025,S1-H2-ELEC-UPS,
1,el2_progress,UPS-2026,S1-H2-ELEC-UPS,
1,el2_progress,UPS-2027,S1-H2-ELEC-UPS,reused_old_id
1,el2_progress,UPS-2028,S1-H2-ELEC-UPS,
1,el2_progress,UPS-2029,S1-H2-ELEC-UPS,
1,el2_progress,UPS-2030,S1-H2-ELEC-UPS,
1,el2_progress,UPS-3031,S1-H3-ELEC-UPS,
1,el2_progress,UPS-3032,S1-H3-ELEC-UPS,
1,el2_progress,UPS-3033,S1-H3-ELEC-UPS,
1,el2_progress,UPS-3034,S1-H3-ELEC-UPS,
1,el2_progress,UPS-3035,S1-H3-ELEC-UPS,
1,el2_progress,UPS-3036,S1-H3-ELEC-UPS,
1,el2_progress,UPS-3037,S1-H3-ELEC-UPS,
1,el2_progress,UPS-3038,S1-H3-ELEC-UPS,
1,el2_progress,UPS-3039,S1-H3-ELEC-UPS,
1,el2_progress,UPS-3040,S1-H3-ELEC-UPS,
1,el2_progress,UPS-3041,S1-H3-ELEC-UPS,
1,el2_progress,UPS-3042,S1-H3-ELEC-UPS,
1,el2_progress,UPS-3043,S1-H3-ELEC-UPS,
1,el2_progress,UPS-3044,S1-H3-ELEC-UPS,reused_old_id
1,el2_progress,UPS-3045,S1-H3-ELEC-UPS,
1,el2_progress,UPS-3046,S1-H3-ELEC-UPS,
1,el2_progress,UPS-3047,S1-H3-ELEC-UPS,
1,el2_progress,UPS-3048,S1-H3-ELEC-UPS,
2,el2_progress,UPS-1001,S1-H1-ELEC-UPS,
2,el2_progress,UPS-1002,S1-H1-ELEC-UPS,
2,el2_progress,UPS-1003,S1-H1-ELEC-UPS,
2,el2_progress,UPS-1004,S1-H1-ELEC-UPS,
2,el2_progress,UPS-1005,S1-H1-ELEC-UPS,
2,el2_progress,UPS-1006,S1-H1-ELEC-UPS,
2,el2_progress,UPS-1007,S1-H1-ELEC-UPS,
2,el2_progress,UPS-1008,S1-H1-ELEC-UPS,
2,el2_progress,UPS-1009,S1-H1-ELEC-UPS,
2,el2_progress,UPS-1010,S1-H1-ELEC-UPS,
2,el2_progress,UPS-1011,S1-H1-ELEC-UPS,
2,el2_progress,UPS-1012,S1-H1-ELEC-UPS,
2,el2_progress,UPS-1013,S1-H1-ELEC-UPS,
2,el2_progress,UPS-1014,S1-H1-ELEC-UPS,
2,el2_progress,UPS-1015,S1-H1-ELEC-UPS,
2,el2_progress,UPS-1016,S1-H1-ELEC-UPS,reused_old_id
2,el2_progress,UPS-1929,S1-H1-ELEC-UPS,reused_old_id
2,el2_progress,UPS-1018,S1-H1-ELEC-UPS,
2,el2_progress,UPS-2019,S1-H2-ELEC-UPS,
2,el2_progress,UPS-2020,S1-H2-ELEC-UPS,
2,el2_progress,UPS-2021,S1-H2-ELEC-UPS,
2,el2_progress,UPS-2022,S1-H2-ELEC-UPS,
2,el2_progress,UPS-2023,S1-H2-ELEC-UPS,
2,el2_progress,UPS-2024,S1-H2-ELEC-UPS,
2,el2_progress,UPS-2025,S1-H2-ELEC-UPS,
2,el2_progress,UPS-2026,S1-H2-ELEC-UPS,
2,el2_progress,UPS-2027,S1-H2-ELEC-UPS,reused_old_id
2,el2_progress,UPS-2028,S1-H2-ELEC-UPS,
2,el2_progress,UPS-2029,S1-H2-ELEC-UPS,
2,el2_progress,UPS-2030,S1-H2-ELEC-UPS,
2,el2_progress,UPS-3031,S1-H3-ELEC-UPS,
2,el2_progress,UPS-3032,S1-H3-ELEC-UPS,
2,el2_progress,UPS-3033,S1-H3-ELEC-UPS,
2,el2_progress,UPS-3034,S1-H3-ELEC-UPS,
2,el2_progress,UPS-3035,S1-H3-ELEC-UPS,
2,el2_progress,UPS-3036,S1-H3-ELEC-UPS,
2,el2_progress,UPS-3037,S1-H3-ELEC-UPS,
2,el2_progress,UPS-3038,S1-H3-ELEC-UPS,
2,el2_progress,UPS-3039,S1-H3-ELEC-UPS,
2,el2_progress,UPS-3040,S1-H3-ELEC-UPS,
2,el2_progress,UPS-3041,S1-H3-ELEC-UPS,
2,el2_progress,UPS-3042,S1-H3-ELEC-UPS,
2,el2_progress,UPS-3043,S1-H3-ELEC-UPS,
2,el2_progress,UPS-3044,S1-H3-ELEC-UPS,reused_old_id
2,el2_progress,UPS-3045,S1-H3-ELEC-UPS,
2,el2_progress,UPS-3046,S1-H3-ELEC-UPS,
2,el2_progress,UPS-3047,S1-H3-ELEC-UPS,
2,el2_progress,UPS-3048,S1-H3-ELEC-UPS,
3,el2_progress,UPS-1001,S1-H1-ELEC-UPS,
3,el2_progress,UPS-1002,S1-H1-ELEC-UPS,
3,el2_progress,UPS-1003,S1-H1-ELEC-UPS,
3,el2_progress,UPS-1004,S1-H1-ELEC-UPS,
3,el2_progress,UPS-1005,S1-H1-ELEC-UPS,
3,el2_progress,UPS-1006,S1-H1-ELEC-UPS,
3,el2_progress,UPS-1007,S1-H1-ELEC-UPS,
3,el2_progress,UPS-1008,S1-H1-ELEC-UPS,
3,el2_progress,UPS-1009,S1-H1-ELEC-UPS,
3,el2_progress,UPS-1010,S1-H1-ELEC-UPS,
3,el2_progress,UPS-1011,S1-H1-ELEC-UPS,
3,el2_progress,UPS-1012,S1-H1-ELEC-UPS,
3,el2_progress,UPS-1013,S1-H1-ELEC-UPS,
3,el2_progress,UPS-1014,S1-H1-ELEC-UPS,
3,el2_progress,UPS-1015,S1-H1-ELEC-UPS,
3,el2_progress,UPS-1016,S1-H1-ELEC-UPS,reused_old_id
3,el2_progress,UPS-1929,S1-H1-ELEC-UPS,reused_old_id
3,el2_progress,UPS-1018,S1-H1-ELEC-UPS,
3,el2_progress,UPS-2019,S1-H2-ELEC-UPS,
3,el2_progress,UPS-2020,S1-H2-ELEC-UPS,
3,el2_progress,UPS-2021,S1-H2-ELEC-UPS,
3,el2_progress,UPS-2022,S1-H2-ELEC-UPS,
3,el2_progress,UPS-2023,S1-H2-ELEC-UPS,
3,el2_progress,UPS-2024,S1-H2-ELEC-UPS,
3,el2_progress,UPS-2025,S1-H2-ELEC-UPS,
3,el2_progress,UPS-2026,S1-H2-ELEC-UPS,
3,el2_progress,UPS-2027,S1-H2-ELEC-UPS,reused_old_id
3,el2_progress,UPS-2028,S1-H2-ELEC-UPS,
3,el2_progress,UPS-2029,S1-H2-ELEC-UPS,
3,el2_progress,UPS-2030,S1-H2-ELEC-UPS,
3,el2_progress,UPS-3031,S1-H3-ELEC-UPS,
3,el2_progress,UPS-3930,S1-H3-ELEC-UPS,
3,el2_progress,UPS-3033,S1-H3-ELEC-UPS,
3,el2_progress,UPS-3034,S1-H3-ELEC-UPS,
3,el2_progress,UPS-3035,S1-H3-ELEC-UPS,
3,el2_progress,UPS-3036,S1-H3-ELEC-UPS,
3,el2_progress,UPS-3931,S1-H3-ELEC-UPS,
3,el2_progress,UPS-3038,S1-H3-ELEC-UPS,
3,el2_progress,UPS-3039,S1-H3-ELEC-UPS,
3,el2_progress,UPS-3040,S1-H3-ELEC-UPS,
3,el2_progress,UPS-3041,S1-H3-ELEC-UPS,
3,el2_progress,UPS-3042,S1-H3-ELEC-UPS,
3,el2_progress,UPS-3043,S1-H3-ELEC-UPS,
3,el2_progress,UPS-3044,S1-H3-ELEC-UPS,reused_old_id
3,el2_progress,UPS-3045,S1-H3-ELEC-UPS,
3,el2_progress,UPS-3046,S1-H3-ELEC-UPS,
3,el2_progress,UPS-3047,S1-H3-ELEC-UPS,
3,el2_progress,UPS-3048,S1-H3-ELEC-UPS,
1,fb2_progress,10001,S1-H1-ELEC-UPS,fabricator_overlap
1,fb2_progress,10002,S1-H1-ELEC-UPS,fabricator_overlap
1,fb2_progress,10003,S1-H1-ELEC-UPS,fabricator_overlap
1,fb2_progress,10004,S1-H1-ELEC-UPS,fabricator_overlap
1,fb2_progress,10005,S1-H1-ELEC-UPS,fabricator_overlap
1,fb2_progress,10006,S1-H1-ELEC-UPS,fabricator_overlap
1,fb2_progress,61848,S1-H2-ELEC-UPS,fabricator_overlap
1,fb2_progress,61850,S1-H2-ELEC-UPS,fabricator_overlap
1,fb2_progress,61852,S1-H2-ELEC-UPS,fabricator_overlap
1,fb2_progress,61854,S1-H2-ELEC-UPS,fabricator_overlap
1,fb2_progress,61856,S1-H3-ELEC-UPS,fabricator_overlap
1,fb2_progress,61858,S1-H3-ELEC-UPS,fabricator_overlap
1,fb2_progress,61860,S1-H3-ELEC-UPS,fabricator_overlap
1,fb2_progress,61862,S1-H3-ELEC-UPS,fabricator_overlap
1,fb2_progress,61864,S1-H3-ELEC-UPS,fabricator_overlap
1,fb2_progress,61866,S1-H3-ELEC-UPS,fabricator_overlap
2,fb2_progress,61867,S1-H1-ELEC-UPS,fabricator_overlap
2,fb2_progress,10002,S1-H1-ELEC-UPS,fabricator_overlap
2,fb2_progress,10003,S1-H1-ELEC-UPS,fabricator_overlap
2,fb2_progress,10004,S1-H1-ELEC-UPS,fabricator_overlap
2,fb2_progress,10005,S1-H1-ELEC-UPS,fabricator_overlap
2,fb2_progress,10006,S1-H1-ELEC-UPS,fabricator_overlap
2,fb2_progress,61848,S1-H2-ELEC-UPS,fabricator_overlap
2,fb2_progress,61850,S1-H2-ELEC-UPS,fabricator_overlap
2,fb2_progress,61852,S1-H2-ELEC-UPS,fabricator_overlap
2,fb2_progress,61854,S1-H2-ELEC-UPS,fabricator_overlap
2,fb2_progress,61868,S1-H3-ELEC-UPS,fabricator_overlap
2,fb2_progress,61858,S1-H3-ELEC-UPS,fabricator_overlap
2,fb2_progress,61860,S1-H3-ELEC-UPS,fabricator_overlap
2,fb2_progress,61862,S1-H3-ELEC-UPS,fabricator_overlap
2,fb2_progress,61864,S1-H3-ELEC-UPS,fabricator_overlap
2,fb2_progress,61866,S1-H3-ELEC-UPS,fabricator_overlap
3,fb2_progress,61867,S1-H1-ELEC-UPS,fabricator_overlap
3,fb2_progress,10002,S1-H1-ELEC-UPS,fabricator_overlap
3,fb2_progress,61869,S1-H1-ELEC-UPS,fabricator_overlap
3,fb2_progress,10004,S1-H1-ELEC-UPS,fabricator_overlap
3,fb2_progress,10005,S1-H1-ELEC-UPS,fabricator_overlap
3,fb2_progress,10006,S1-H1-ELEC-UPS,fabricator_overlap
3,fb2_progress,61848,S1-H2-ELEC-UPS,fabricator_overlap
3,fb2_progress,61850,S1-H2-ELEC-UPS,fabricator_overlap
3,fb2_progress,61852,S1-H2-ELEC-UPS,fabricator_overlap
3,fb2_progress,61854,S1-H2-ELEC-UPS,fabricator_overlap
3,fb2_progress,61868,S1-H3-ELEC-UPS,fabricator_overlap
3,fb2_progress,61858,S1-H3-ELEC-UPS,fabricator_overlap
3,fb2_progress,61870,S1-H3-ELEC-UPS,fabricator_overlap
3,fb2_progress,61862,S1-H3-ELEC-UPS,fabricator_overlap
3,fb2_progress,61864,S1-H3-ELEC-UPS,fabricator_overlap
3,fb2_progress,61866,S1-H3-ELEC-UPS,fabricator_overlap
1,el4_progress,EL4/H1/BUS/01,S1-H1-ELEC-BUS,
1,el4_progress,EL4/H1/BUS/02,S1-H1-ELEC-BUS,
1,el4_progress,EL4/H1/BUS/03,S1-H1-ELEC-BUS,
1,el4_progress,EL4/H1/BUS/04,S1-H1-ELEC-BUS,
1,el4_progress,EL4/H1/BUS/05,S1-H1-ELEC-BUS,
1,el4_progress,EL4/H1/BUS/06,S1-H1-ELEC-BUS,
1,el4_progress,EL4/H1/BUS/07,S1-H1-ELEC-BUS,
1,el4_progress,EL4/H1/BUS/08,S1-H1-ELEC-BUS,
1,el4_progress,EL4/H1/BUS/09,S1-H1-ELEC-BUS,
1,el4_progress,EL4/H1/BUS/10,S1-H1-ELEC-BUS,
1,el4_progress,EL4/H1/BUS/11,S1-H1-ELEC-BUS,
1,el4_progress,EL4/H1/BUS/12,S1-H1-ELEC-BUS,
1,el4_progress,EL4/H1/BUS/13,S1-H1-ELEC-BUS,
1,el4_progress,EL4/H1/BUS/14,S1-H1-ELEC-BUS,
1,el4_progress,EL4/H1/BUS/15,S1-H1-ELEC-BUS,
1,el4_progress,EL4/H1/BUS/16,S1-H1-ELEC-BUS,
1,el4_progress,EL4/H1/BUS/17,S1-H1-ELEC-BUS,
1,el4_progress,EL4/H1/BUS/18,S1-H1-ELEC-BUS,
1,el4_progress,EL4/H2/BUS/19,S1-H2-ELEC-BUS,
1,el4_progress,EL4/H2/BUS/20,S1-H2-ELEC-BUS,
1,el4_progress,EL4/H2/BUS/21,S1-H2-ELEC-BUS,
1,el4_progress,EL4/H2/BUS/22,S1-H2-ELEC-BUS,
1,el4_progress,EL4/H2/BUS/23,S1-H2-ELEC-BUS,
1,el4_progress,EL4/H2/BUS/24,S1-H2-ELEC-BUS,
1,el4_progress,EL4/H2/BUS/25,S1-H2-ELEC-BUS,
1,el4_progress,EL4/H2/BUS/26,S1-H2-ELEC-BUS,
1,el4_progress,EL4/H2/BUS/27,S1-H2-ELEC-BUS,cancelled
1,el4_progress,EL4/H2/BUS/28,S1-H2-ELEC-BUS,
1,el4_progress,EL4/H2/BUS/29,S1-H2-ELEC-BUS,
1,el4_progress,EL4/H2/BUS/30,S1-H2-ELEC-BUS,
1,el4_progress,EL4/H2/BUS/31,S1-H2-ELEC-BUS,
1,el4_progress,EL4/H2/BUS/32,S1-H2-ELEC-BUS,
1,el4_progress,EL4/H2/BUS/33,S1-H2-ELEC-BUS,
1,el4_progress,EL4/H2/BUS/34,S1-H2-ELEC-BUS,
1,el4_progress,EL4/H2/BUS/35,S1-H2-ELEC-BUS,
1,el4_progress,EL4/H2/BUS/36,S1-H2-ELEC-BUS,
1,el4_progress,EL4/H2/BUS/37,S1-H2-ELEC-BUS,
1,el4_progress,EL4/H2/BUS/38,S1-H2-ELEC-BUS,
1,el4_progress,EL4/H2/BUS/39,S1-H2-ELEC-BUS,
1,el4_progress,EL4/H2/BUS/40,S1-H2-ELEC-BUS,
1,el4_progress,EL4/H2/BUS/41,S1-H2-ELEC-BUS,
1,el4_progress,EL4/H2/BUS/42,S1-H2-ELEC-BUS,
1,el4_progress,EL4/H3/BUS/43,S1-H3-ELEC-BUS,
1,el4_progress,EL4/H3/BUS/44,S1-H3-ELEC-BUS,
1,el4_progress,EL4/H3/BUS/45,S1-H3-ELEC-BUS,
1,el4_progress,EL4/H3/BUS/46,S1-H3-ELEC-BUS,
1,el4_progress,EL4/H3/BUS/47,S1-H3-ELEC-BUS,
1,el4_progress,EL4/H3/BUS/48,S1-H3-ELEC-BUS,
1,el4_progress,EL4/H3/BUS/49,S1-H3-ELEC-BUS,
1,el4_progress,EL4/H3/BUS/50,S1-H3-ELEC-BUS,
1,el4_progress,EL4/H3/BUS/51,S1-H3-ELEC-BUS,
1,el4_progress,EL4/H3/BUS/52,S1-H3-ELEC-BUS,
1,el4_progress,EL4/H3/BUS/53,S1-H3-ELEC-BUS,
1,el4_progress,EL4/H3/BUS/54,S1-H3-ELEC-BUS,
1,el4_progress,EL4/H3/BUS/55,S1-H3-ELEC-BUS,
1,el4_progress,EL4/H3/BUS/56,S1-H3-ELEC-BUS,
1,el4_progress,EL4/H3/BUS/57,S1-H3-ELEC-BUS,
2,el4_progress,EL4/H1/BUS/01,S1-H1-ELEC-BUS,
2,el4_progress,EL4/H1/BUS/02,S1-H1-ELEC-BUS,
2,el4_progress,EL4/H1/BUS/03,S1-H1-ELEC-BUS,
2,el4_progress,EL4/H1/BUS/04,S1-H1-ELEC-BUS,
2,el4_progress,EL4/H1/BUS/05,S1-H1-ELEC-BUS,
2,el4_progress,EL4/H1/BUS/06,S1-H1-ELEC-BUS,
2,el4_progress,EL4/H1/BUS/07,S1-H1-ELEC-BUS,
2,el4_progress,EL4/H1/BUS/08,S1-H1-ELEC-BUS,
2,el4_progress,EL4/H1/BUS/09,S1-H1-ELEC-BUS,
2,el4_progress,EL4/H1/BUS/684,S1-H1-ELEC-BUS,
2,el4_progress,EL4/H1/BUS/11,S1-H1-ELEC-BUS,
2,el4_progress,EL4/H1/BUS/12,S1-H1-ELEC-BUS,
2,el4_progress,EL4/H1/BUS/13,S1-H1-ELEC-BUS,
2,el4_progress,EL4/H1/BUS/14,S1-H1-ELEC-BUS,
2,el4_progress,EL4/H1/BUS/15,S1-H1-ELEC-BUS,
2,el4_progress,EL4/H1/BUS/16,S1-H1-ELEC-BUS,
2,el4_progress,EL4/H1/BUS/685,S1-H1-ELEC-BUS,
2,el4_progress,EL4/H1/BUS/18,S1-H1-ELEC-BUS,
2,el4_progress,EL4/H2/BUS/19,S1-H2-ELEC-BUS,
2,el4_progress,EL4/H2/BUS/20,S1-H2-ELEC-BUS,
2,el4_progress,EL4/H2/BUS/21,S1-H2-ELEC-BUS,
2,el4_progress,EL4/H2/BUS/22,S1-H2-ELEC-BUS,
2,el4_progress,EL4/H2/BUS/23,S1-H2-ELEC-BUS,
2,el4_progress,EL4/H2/BUS/24,S1-H2-ELEC-BUS,
2,el4_progress,EL4/H2/BUS/25,S1-H2-ELEC-BUS,
2,el4_progress,EL4/H2/BUS/26,S1-H2-ELEC-BUS,
2,el4_progress,EL4/H2/BUS/27,S1-H2-ELEC-BUS,cancelled
2,el4_progress,EL4/H2/BUS/686,S1-H2-ELEC-BUS,
2,el4_progress,EL4/H2/BUS/29,S1-H2-ELEC-BUS,
2,el4_progress,EL4/H2/BUS/30,S1-H2-ELEC-BUS,
2,el4_progress,EL4/H2/BUS/31,S1-H2-ELEC-BUS,
2,el4_progress,EL4/H2/BUS/32,S1-H2-ELEC-BUS,
2,el4_progress,EL4/H2/BUS/687,S1-H2-ELEC-BUS,
2,el4_progress,EL4/H2/BUS/34,S1-H2-ELEC-BUS,
2,el4_progress,EL4/H2/BUS/35,S1-H2-ELEC-BUS,
2,el4_progress,EL4/H2/BUS/36,S1-H2-ELEC-BUS,
2,el4_progress,EL4/H2/BUS/37,S1-H2-ELEC-BUS,
2,el4_progress,EL4/H2/BUS/38,S1-H2-ELEC-BUS,
2,el4_progress,EL4/H2/BUS/39,S1-H2-ELEC-BUS,
2,el4_progress,EL4/H2/BUS/40,S1-H2-ELEC-BUS,
2,el4_progress,EL4/H2/BUS/41,S1-H2-ELEC-BUS,
2,el4_progress,EL4/H2/BUS/42,S1-H2-ELEC-BUS,
2,el4_progress,EL4/H3/BUS/43,S1-H3-ELEC-BUS,
2,el4_progress,EL4/H3/BUS/44,S1-H3-ELEC-BUS,
2,el4_progress,EL4/H3/BUS/45,S1-H3-ELEC-BUS,
2,el4_progress,EL4/H3/BUS/46,S1-H3-ELEC-BUS,
2,el4_progress,EL4/H3/BUS/47,S1-H3-ELEC-BUS,
2,el4_progress,EL4/H3/BUS/48,S1-H3-ELEC-BUS,
2,el4_progress,EL4/H3/BUS/49,S1-H3-ELEC-BUS,
2,el4_progress,EL4/H3/BUS/50,S1-H3-ELEC-BUS,
2,el4_progress,EL4/H3/BUS/51,S1-H3-ELEC-BUS,
2,el4_progress,EL4/H3/BUS/52,S1-H3-ELEC-BUS,
2,el4_progress,EL4/H3/BUS/53,S1-H3-ELEC-BUS,
2,el4_progress,EL4/H3/BUS/54,S1-H3-ELEC-BUS,
2,el4_progress,EL4/H3/BUS/55,S1-H3-ELEC-BUS,
2,el4_progress,EL4/H3/BUS/56,S1-H3-ELEC-BUS,
2,el4_progress,EL4/H3/BUS/57,S1-H3-ELEC-BUS,
3,el4_progress,EL4/H1/BUS/01,S1-H1-ELEC-BUS,
3,el4_progress,EL4/H1/BUS/02,S1-H1-ELEC-BUS,
3,el4_progress,EL4/H1/BUS/03,S1-H1-ELEC-BUS,
3,el4_progress,EL4/H1/BUS/04,S1-H1-ELEC-BUS,
3,el4_progress,EL4/H1/BUS/05,S1-H1-ELEC-BUS,
3,el4_progress,EL4/H1/BUS/06,S1-H1-ELEC-BUS,
3,el4_progress,EL4/H1/BUS/07,S1-H1-ELEC-BUS,
3,el4_progress,EL4/H1/BUS/08,S1-H1-ELEC-BUS,
3,el4_progress,EL4/H1/BUS/09,S1-H1-ELEC-BUS,
3,el4_progress,EL4/H1/BUS/684,S1-H1-ELEC-BUS,
3,el4_progress,EL4/H1/BUS/688,S1-H1-ELEC-BUS,
3,el4_progress,EL4/H1/BUS/12,S1-H1-ELEC-BUS,
3,el4_progress,EL4/H1/BUS/13,S1-H1-ELEC-BUS,
3,el4_progress,EL4/H1/BUS/14,S1-H1-ELEC-BUS,
3,el4_progress,EL4/H1/BUS/15,S1-H1-ELEC-BUS,
3,el4_progress,EL4/H1/BUS/16,S1-H1-ELEC-BUS,
3,el4_progress,EL4/H1/BUS/685,S1-H1-ELEC-BUS,
3,el4_progress,EL4/H1/BUS/18,S1-H1-ELEC-BUS,
3,el4_progress,EL4/H2/BUS/19,S1-H2-ELEC-BUS,
3,el4_progress,EL4/H2/BUS/20,S1-H2-ELEC-BUS,
3,el4_progress,EL4/H2/BUS/21,S1-H2-ELEC-BUS,
3,el4_progress,EL4/H2/BUS/22,S1-H2-ELEC-BUS,
3,el4_progress,EL4/H2/BUS/23,S1-H2-ELEC-BUS,
3,el4_progress,EL4/H2/BUS/24,S1-H2-ELEC-BUS,
3,el4_progress,EL4/H2/BUS/25,S1-H2-ELEC-BUS,
3,el4_progress,EL4/H2/BUS/26,S1-H2-ELEC-BUS,
3,el4_progress,EL4/H2/BUS/27,S1-H2-ELEC-BUS,cancelled
3,el4_progress,EL4/H2/BUS/686,S1-H2-ELEC-BUS,
3,el4_progress,EL4/H2/BUS/29,S1-H2-ELEC-BUS,
3,el4_progress,EL4/H2/BUS/689,S1-H2-ELEC-BUS,
3,el4_progress,EL4/H2/BUS/31,S1-H2-ELEC-BUS,
3,el4_progress,EL4/H2/BUS/32,S1-H2-ELEC-BUS,
3,el4_progress,EL4/H2/BUS/687,S1-H2-ELEC-BUS,
3,el4_progress,EL4/H2/BUS/34,S1-H2-ELEC-BUS,
3,el4_progress,EL4/H2/BUS/35,S1-H2-ELEC-BUS,
3,el4_progress,EL4/H2/BUS/36,S1-H2-ELEC-BUS,
3,el4_progress,EL4/H2/BUS/690,S1-H2-ELEC-BUS,
3,el4_progress,EL4/H2/BUS/38,S1-H2-ELEC-BUS,
3,el4_progress,EL4/H2/BUS/39,S1-H2-ELEC-BUS,
3,el4_progress,EL4/H2/BUS/40,S1-H2-ELEC-BUS,
3,el4_progress,EL4/H2/BUS/41,S1-H2-ELEC-BUS,
3,el4_progress,EL4/H2/BUS/42,S1-H2-ELEC-BUS,
3,el4_progress,EL4/H3/BUS/43,S1-H3-ELEC-BUS,
3,el4_progress,EL4/H3/BUS/44,S1-H3-ELEC-BUS,
3,el4_progress,EL4/H3/BUS/45,S1-H3-ELEC-BUS,
3,el4_progress,EL4/H3/BUS/46,S1-H3-ELEC-BUS,
3,el4_progress,EL4/H3/BUS/47,S1-H3-ELEC-BUS,
3,el4_progress,EL4/H3/BUS/48,S1-H3-ELEC-BUS,
3,el4_progress,EL4/H3/BUS/49,S1-H3-ELEC-BUS,
3,el4_progress,EL4/H3/BUS/50,S1-H3-ELEC-BUS,
3,el4_progress,EL4/H3/BUS/51,S1-H3-ELEC-BUS,
3,el4_progress,EL4/H3/BUS/52,S1-H3-ELEC-BUS,
3,el4_progress,EL4/H3/BUS/53,S1-H3-ELEC-BUS,
3,el4_progress,EL4/H3/BUS/54,S1-H3-ELEC-BUS,
3,el4_progress,EL4/H3/BUS/55,S1-H3-ELEC-BUS,
3,el4_progress,EL4/H3/BUS/56,S1-H3-ELEC-BUS,
3,el4_progress,EL4/H3/BUS/57,S1-H3-ELEC-BUS,
1,me1_progress,ME1-1-CRAH-01,S1-H1-MECH-CRAH,
1,me1_progress,ME1-1-CRAH-02,S1-H1-MECH-CRAH,
1,me1_progress,ME1-1-CRAH-03,S1-H1-MECH-CRAH,
1,me1_progress,ME1-1-CRAH-04,S1-H1-MECH-CRAH,
1,me1_progress,ME1-1-CRAH-05,S1-H1-MECH-CRAH,
1,me1_progress,ME1-1-CRAH-06,S1-H1-MECH-CRAH,
1,me1_progress,ME1-1-CRAH-07,S1-H1-MECH-CRAH,
1,me1_progress,ME1-1-CRAH-08,S1-H1-MECH-CRAH,
1,me1_progress,ME1-1-CRAH-09,S1-H1-MECH-CRAH,
1,me1_progress,ME1-1-CRAH-10,S1-H1-MECH-CRAH,
1,me1_progress,ME1-1-CRAH-11,S1-H1-MECH-CRAH,
1,me1_progress,ME1-1-CRAH-12,S1-H1-MECH-CRAH,
1,me1_progress,ME1-1-CRAH-13,S1-H1-MECH-CRAH,cancelled
1,me1_progress,ME1-1-CRAH-14,S1-H1-MECH-CRAH,
1,me1_progress,ME1-1-CRAH-15,S1-H1-MECH-CRAH,
1,me1_progress,ME1-1-CRAH-16,S1-H1-MECH-CRAH,
1,me1_progress,ME1-1-CRAH-17,S1-H1-MECH-CRAH,
1,me1_progress,ME1-1-CRAH-18,S1-H1-MECH-CRAH,
1,me1_progress,ME1-2-CRAH-19,S1-H2-MECH-CRAH,
1,me1_progress,ME1-2-CRAH-20,S1-H2-MECH-CRAH,
1,me1_progress,ME1-2-CRAH-21,S1-H2-MECH-CRAH,
1,me1_progress,ME1-2-CRAH-22,S1-H2-MECH-CRAH,
1,me1_progress,ME1-2-CRAH-23,S1-H2-MECH-CRAH,
1,me1_progress,ME1-2-CRAH-24,S1-H2-MECH-CRAH,
1,me1_progress,ME1-2-CRAH-25,S1-H2-MECH-CRAH,
1,me1_progress,ME1-2-CRAH-26,S1-H2-MECH-CRAH,
1,me1_progress,ME1-2-CRAH-27,S1-H2-MECH-CRAH,
1,me1_progress,ME1-2-CRAH-28,S1-H2-MECH-CRAH,
1,me1_progress,ME1-2-CRAH-29,S1-H2-MECH-CRAH,
1,me1_progress,ME1-2-CRAH-30,S1-H2-MECH-CRAH,
1,me1_progress,ME1-2-CRAH-31,S1-H2-MECH-CRAH,
1,me1_progress,ME1-2-CRAH-32,S1-H2-MECH-CRAH,
1,me1_progress,ME1-2-CRAH-33,S1-H2-MECH-CRAH,
1,me1_progress,ME1-2-CRAH-34,S1-H2-MECH-CRAH,
1,me1_progress,ME1-2-CRAH-35,S1-H2-MECH-CRAH,
1,me1_progress,ME1-2-CRAH-36,S1-H2-MECH-CRAH,
1,me1_progress,ME1-2-CRAH-37,S1-H2-MECH-CRAH,
1,me1_progress,ME1-2-CRAH-38,S1-H2-MECH-CRAH,
1,me1_progress,ME1-2-CRAH-39,S1-H2-MECH-CRAH,
1,me1_progress,ME1-3-CRAH-40,S1-H3-MECH-CRAH,
1,me1_progress,ME1-3-CRAH-41,S1-H3-MECH-CRAH,
1,me1_progress,ME1-3-CRAH-42,S1-H3-MECH-CRAH,
1,me1_progress,ME1-3-CRAH-43,S1-H3-MECH-CRAH,
1,me1_progress,ME1-3-CRAH-44,S1-H3-MECH-CRAH,
1,me1_progress,ME1-3-CRAH-45,S1-H3-MECH-CRAH,
1,me1_progress,ME1-3-CRAH-46,S1-H3-MECH-CRAH,
1,me1_progress,ME1-3-CRAH-47,S1-H3-MECH-CRAH,
1,me1_progress,ME1-3-CRAH-48,S1-H3-MECH-CRAH,
1,me1_progress,ME1-3-CRAH-49,S1-H3-MECH-CRAH,
1,me1_progress,ME1-3-CRAH-50,S1-H3-MECH-CRAH,
1,me1_progress,ME1-3-CRAH-51,S1-H3-MECH-CRAH,
1,me1_progress,ME1-3-CRAH-52,S1-H3-MECH-CRAH,
1,me1_progress,ME1-3-CRAH-53,S1-H3-MECH-CRAH,
1,me1_progress,ME1-3-CRAH-54,S1-H3-MECH-CRAH,
1,me1_progress,ME1-3-CRAH-55,S1-H3-MECH-CRAH,
1,me1_progress,ME1-3-CRAH-56,S1-H3-MECH-CRAH,
1,me1_progress,ME1-3-CRAH-57,S1-H3-MECH-CRAH,
1,me1_progress,ME1-3-CRAH-58,S1-H3-MECH-CRAH,
1,me1_progress,ME1-3-CRAH-59,S1-H3-MECH-CRAH,
1,me1_progress,ME1-3-CRAH-60,S1-H3-MECH-CRAH,
1,me1_progress,ME1-3-CRAH-61,S1-H3-MECH-CRAH,
1,me1_progress,ME1-3-CRAH-62,S1-H3-MECH-CRAH,
1,me1_progress,ME1-3-CRAH-63,S1-H3-MECH-CRAH,
2,me1_progress,ME1-1-CRAH-01,S1-H1-MECH-CRAH,
2,me1_progress,ME1-1-CRAH-02,S1-H1-MECH-CRAH,
2,me1_progress,ME1-1-CRAH-03,S1-H1-MECH-CRAH,
2,me1_progress,ME1-1-CRAH-04,S1-H1-MECH-CRAH,
2,me1_progress,ME1-1-CRAH-05,S1-H1-MECH-CRAH,
2,me1_progress,ME1-1-CRAH-06,S1-H1-MECH-CRAH,
2,me1_progress,ME1-1-CRAH-07,S1-H1-MECH-CRAH,
2,me1_progress,ME1-1-CRAH-08,S1-H1-MECH-CRAH,
2,me1_progress,ME1-1-CRAH-09,S1-H1-MECH-CRAH,
2,me1_progress,ME1-1-CRAH-10,S1-H1-MECH-CRAH,
2,me1_progress,ME1-1-CRAH-11,S1-H1-MECH-CRAH,
2,me1_progress,ME1-1-CRAH-12,S1-H1-MECH-CRAH,
2,me1_progress,ME1-1-CRAH-13,S1-H1-MECH-CRAH,cancelled
2,me1_progress,ME1-1-CRAH-14,S1-H1-MECH-CRAH,
2,me1_progress,ME1-1-CRAH-15,S1-H1-MECH-CRAH,
2,me1_progress,ME1-1-CRAH-16,S1-H1-MECH-CRAH,
2,me1_progress,ME1-1-CRAH-17,S1-H1-MECH-CRAH,
2,me1_progress,ME1-1-CRAH-18,S1-H1-MECH-CRAH,
2,me1_progress,ME1-2-CRAH-19,S1-H2-MECH-CRAH,
2,me1_progress,ME1-2-CRAH-20,S1-H2-MECH-CRAH,
2,me1_progress,ME1-2-CRAH-21,S1-H2-MECH-CRAH,
2,me1_progress,ME1-2-CRAH-22,S1-H2-MECH-CRAH,
2,me1_progress,ME1-2-CRAH-23,S1-H2-MECH-CRAH,
2,me1_progress,ME1-2-CRAH-24,S1-H2-MECH-CRAH,
2,me1_progress,ME1-2-CRAH-25,S1-H2-MECH-CRAH,
2,me1_progress,ME1-2-CRAH-26,S1-H2-MECH-CRAH,
2,me1_progress,ME1-2-CRAH-27,S1-H2-MECH-CRAH,
2,me1_progress,ME1-2-CRAH-28,S1-H2-MECH-CRAH,
2,me1_progress,ME1-2-CRAH-29,S1-H2-MECH-CRAH,
2,me1_progress,ME1-2-CRAH-30,S1-H2-MECH-CRAH,
2,me1_progress,ME1-2-CRAH-31,S1-H2-MECH-CRAH,
2,me1_progress,ME1-2-CRAH-32,S1-H2-MECH-CRAH,
2,me1_progress,ME1-2-CRAH-33,S1-H2-MECH-CRAH,
2,me1_progress,ME1-2-CRAH-34,S1-H2-MECH-CRAH,
2,me1_progress,ME1-2-CRAH-35,S1-H2-MECH-CRAH,
2,me1_progress,ME1-2-CRAH-36,S1-H2-MECH-CRAH,
2,me1_progress,ME1-2-CRAH-37,S1-H2-MECH-CRAH,
2,me1_progress,ME1-2-CRAH-38,S1-H2-MECH-CRAH,
2,me1_progress,ME1-2-CRAH-39,S1-H2-MECH-CRAH,
2,me1_progress,ME1-3-CRAH-40,S1-H3-MECH-CRAH,
2,me1_progress,ME1-3-CRAH-41,S1-H3-MECH-CRAH,
2,me1_progress,ME1-3-CRAH-42,S1-H3-MECH-CRAH,
2,me1_progress,ME1-3-CRAH-43,S1-H3-MECH-CRAH,
2,me1_progress,ME1-3-CRAH-44,S1-H3-MECH-CRAH,
2,me1_progress,ME1-3-CRAH-45,S1-H3-MECH-CRAH,
2,me1_progress,ME1-3-CRAH-46,S1-H3-MECH-CRAH,
2,me1_progress,ME1-3-CRAH-47,S1-H3-MECH-CRAH,
2,me1_progress,ME1-3-CRAH-48,S1-H3-MECH-CRAH,
2,me1_progress,ME1-3-CRAH-49,S1-H3-MECH-CRAH,
2,me1_progress,ME1-3-CRAH-50,S1-H3-MECH-CRAH,
2,me1_progress,ME1-3-CRAH-51,S1-H3-MECH-CRAH,
2,me1_progress,ME1-3-CRAH-52,S1-H3-MECH-CRAH,
2,me1_progress,ME1-3-CRAH-53,S1-H3-MECH-CRAH,
2,me1_progress,ME1-3-CRAH-54,S1-H3-MECH-CRAH,
2,me1_progress,ME1-3-CRAH-55,S1-H3-MECH-CRAH,
2,me1_progress,ME1-3-CRAH-56,S1-H3-MECH-CRAH,
2,me1_progress,ME1-3-CRAH-57,S1-H3-MECH-CRAH,
2,me1_progress,ME1-3-CRAH-58,S1-H3-MECH-CRAH,
2,me1_progress,ME1-3-CRAH-59,S1-H3-MECH-CRAH,
2,me1_progress,ME1-3-CRAH-60,S1-H3-MECH-CRAH,
2,me1_progress,ME1-3-CRAH-61,S1-H3-MECH-CRAH,
2,me1_progress,ME1-3-CRAH-62,S1-H3-MECH-CRAH,
2,me1_progress,ME1-3-CRAH-63,S1-H3-MECH-CRAH,
3,me1_progress,ME1-1-CRAH-01,S1-H1-MECH-CRAH,
3,me1_progress,ME1-1-CRAH-02,S1-H1-MECH-CRAH,
3,me1_progress,ME1-1-CRAH-03,S1-H1-MECH-CRAH,
3,me1_progress,ME1-1-CRAH-04,S1-H1-MECH-CRAH,
3,me1_progress,ME1-1-CRAH-05,S1-H1-MECH-CRAH,
3,me1_progress,ME1-1-CRAH-06,S1-H1-MECH-CRAH,
3,me1_progress,ME1-1-CRAH-07,S1-H1-MECH-CRAH,
3,me1_progress,ME1-1-CRAH-08,S1-H1-MECH-CRAH,
3,me1_progress,ME1-1-CRAH-09,S1-H1-MECH-CRAH,
3,me1_progress,ME1-1-CRAH-10,S1-H1-MECH-CRAH,
3,me1_progress,ME1-1-CRAH-11,S1-H1-MECH-CRAH,
3,me1_progress,ME1-1-CRAH-12,S1-H1-MECH-CRAH,
3,me1_progress,ME1-1-CRAH-13,S1-H1-MECH-CRAH,cancelled
3,me1_progress,ME1-1-CRAH-14,S1-H1-MECH-CRAH,
3,me1_progress,ME1-1-CRAH-15,S1-H1-MECH-CRAH,
3,me1_progress,ME1-1-CRAH-16,S1-H1-MECH-CRAH,
3,me1_progress,ME1-1-CRAH-17,S1-H1-MECH-CRAH,
3,me1_progress,ME1-1-CRAH-18,S1-H1-MECH-CRAH,
3,me1_progress,ME1-2-CRAH-19,S1-H2-MECH-CRAH,
3,me1_progress,ME1-2-CRAH-20,S1-H2-MECH-CRAH,
3,me1_progress,ME1-2-CRAH-21,S1-H2-MECH-CRAH,
3,me1_progress,ME1-2-CRAH-22,S1-H2-MECH-CRAH,
3,me1_progress,ME1-2-CRAH-23,S1-H2-MECH-CRAH,
3,me1_progress,ME1-2-CRAH-24,S1-H2-MECH-CRAH,
3,me1_progress,ME1-2-CRAH-25,S1-H2-MECH-CRAH,
3,me1_progress,ME1-2-CRAH-26,S1-H2-MECH-CRAH,
3,me1_progress,ME1-2-CRAH-27,S1-H2-MECH-CRAH,
3,me1_progress,ME1-2-CRAH-28,S1-H2-MECH-CRAH,
3,me1_progress,ME1-2-CRAH-29,S1-H2-MECH-CRAH,
3,me1_progress,ME1-2-CRAH-30,S1-H2-MECH-CRAH,
3,me1_progress,ME1-2-CRAH-31,S1-H2-MECH-CRAH,
3,me1_progress,ME1-2-CRAH-4591,S1-H2-MECH-CRAH,
3,me1_progress,ME1-2-CRAH-33,S1-H2-MECH-CRAH,
3,me1_progress,ME1-2-CRAH-34,S1-H2-MECH-CRAH,
3,me1_progress,ME1-2-CRAH-35,S1-H2-MECH-CRAH,
3,me1_progress,ME1-2-CRAH-36,S1-H2-MECH-CRAH,
3,me1_progress,ME1-2-CRAH-37,S1-H2-MECH-CRAH,
3,me1_progress,ME1-2-CRAH-38,S1-H2-MECH-CRAH,
3,me1_progress,ME1-2-CRAH-4592,S1-H2-MECH-CRAH,
3,me1_progress,ME1-3-CRAH-40,S1-H3-MECH-CRAH,
3,me1_progress,ME1-3-CRAH-41,S1-H3-MECH-CRAH,
3,me1_progress,ME1-3-CRAH-42,S1-H3-MECH-CRAH,
3,me1_progress,ME1-3-CRAH-43,S1-H3-MECH-CRAH,
3,me1_progress,ME1-3-CRAH-44,S1-H3-MECH-CRAH,
3,me1_progress,ME1-3-CRAH-45,S1-H3-MECH-CRAH,
3,me1_progress,ME1-3-CRAH-46,S1-H3-MECH-CRAH,
3,me1_progress,ME1-3-CRAH-47,S1-H3-MECH-CRAH,
3,me1_progress,ME1-3-CRAH-48,S1-H3-MECH-CRAH,
3,me1_progress,ME1-3-CRAH-49,S1-H3-MECH-CRAH,
3,me1_progress,ME1-3-CRAH-50,S1-H3-MECH-CRAH,
3,me1_progress,ME1-3-CRAH-51,S1-H3-MECH-CRAH,
3,me1_progress,ME1-3-CRAH-52,S1-H3-MECH-CRAH,
3,me1_progress,ME1-3-CRAH-53,S1-H3-MECH-CRAH,
3,me1_progress,ME1-3-CRAH-54,S1-H3-MECH-CRAH,
3,me1_progress,ME1-3-CRAH-55,S1-H3-MECH-CRAH,
3,me1_progress,ME1-3-CRAH-56,S1-H3-MECH-CRAH,
3,me1_progress,ME1-3-CRAH-57,S1-H3-MECH-CRAH,
3,me1_progress,ME1-3-CRAH-58,S1-H3-MECH-CRAH,
3,me1_progress,ME1-3-CRAH-59,S1-H3-MECH-CRAH,
3,me1_progress,ME1-3-CRAH-60,S1-H3-MECH-CRAH,
3,me1_progress,ME1-3-CRAH-61,S1-H3-MECH-CRAH,
3,me1_progress,ME1-3-CRAH-62,S1-H3-MECH-CRAH,
3,me1_progress,ME1-3-CRAH-63,S1-H3-MECH-CRAH,
1,fb3_progress,10001,S1-H1-MECH-CRAH,fabricator_overlap
1,fb3_progress,10002,S1-H1-MECH-CRAH,fabricator_overlap
1,fb3_progress,10003,S1-H1-MECH-CRAH,fabricator_overlap
1,fb3_progress,10004,S1-H1-MECH-CRAH,fabricator_overlap
1,fb3_progress,10005,S1-H1-MECH-CRAH,fabricator_overlap
1,fb3_progress,10006,S1-H1-MECH-CRAH,fabricator_overlap
1,fb3_progress,61332,S1-H2-MECH-CRAH,fabricator_overlap|cancelled
1,fb3_progress,61334,S1-H2-MECH-CRAH,fabricator_overlap
1,fb3_progress,61336,S1-H2-MECH-CRAH,fabricator_overlap
1,fb3_progress,61338,S1-H2-MECH-CRAH,fabricator_overlap
1,fb3_progress,61340,S1-H2-MECH-CRAH,fabricator_overlap
1,fb3_progress,61342,S1-H2-MECH-CRAH,fabricator_overlap
1,fb3_progress,10007,S1-H2-MECH-CRAH,fabricator_overlap
1,fb3_progress,61345,S1-H3-MECH-CRAH,fabricator_overlap
1,fb3_progress,61347,S1-H3-MECH-CRAH,fabricator_overlap
1,fb3_progress,61349,S1-H3-MECH-CRAH,fabricator_overlap
1,fb3_progress,61351,S1-H3-MECH-CRAH,fabricator_overlap
1,fb3_progress,61353,S1-H3-MECH-CRAH,fabricator_overlap
1,fb3_progress,61355,S1-H3-MECH-CRAH,fabricator_overlap
1,fb3_progress,61357,S1-H3-MECH-CRAH,fabricator_overlap
1,fb3_progress,10008,S1-H3-MECH-CRAH,fabricator_overlap
2,fb3_progress,10001,S1-H1-MECH-CRAH,fabricator_overlap
2,fb3_progress,10002,S1-H1-MECH-CRAH,fabricator_overlap
2,fb3_progress,10003,S1-H1-MECH-CRAH,fabricator_overlap
2,fb3_progress,10004,S1-H1-MECH-CRAH,fabricator_overlap
2,fb3_progress,61359,S1-H1-MECH-CRAH,fabricator_overlap
2,fb3_progress,10006,S1-H1-MECH-CRAH,fabricator_overlap
2,fb3_progress,61332,S1-H2-MECH-CRAH,fabricator_overlap|cancelled
2,fb3_progress,61334,S1-H2-MECH-CRAH,fabricator_overlap
2,fb3_progress,61336,S1-H2-MECH-CRAH,fabricator_overlap
2,fb3_progress,61338,S1-H2-MECH-CRAH,fabricator_overlap
2,fb3_progress,61340,S1-H2-MECH-CRAH,fabricator_overlap
2,fb3_progress,61342,S1-H2-MECH-CRAH,fabricator_overlap
2,fb3_progress,10007,S1-H2-MECH-CRAH,fabricator_overlap
2,fb3_progress,61345,S1-H3-MECH-CRAH,fabricator_overlap
2,fb3_progress,61347,S1-H3-MECH-CRAH,fabricator_overlap
2,fb3_progress,61349,S1-H3-MECH-CRAH,fabricator_overlap
2,fb3_progress,61351,S1-H3-MECH-CRAH,fabricator_overlap
2,fb3_progress,61353,S1-H3-MECH-CRAH,fabricator_overlap
2,fb3_progress,61355,S1-H3-MECH-CRAH,fabricator_overlap
2,fb3_progress,61357,S1-H3-MECH-CRAH,fabricator_overlap
2,fb3_progress,10008,S1-H3-MECH-CRAH,fabricator_overlap
3,fb3_progress,61360,S1-H1-MECH-CRAH,fabricator_overlap
3,fb3_progress,10002,S1-H1-MECH-CRAH,fabricator_overlap
3,fb3_progress,61361,S1-H1-MECH-CRAH,fabricator_overlap
3,fb3_progress,10004,S1-H1-MECH-CRAH,fabricator_overlap
3,fb3_progress,61359,S1-H1-MECH-CRAH,fabricator_overlap
3,fb3_progress,10006,S1-H1-MECH-CRAH,fabricator_overlap
3,fb3_progress,61332,S1-H2-MECH-CRAH,fabricator_overlap|cancelled
3,fb3_progress,61334,S1-H2-MECH-CRAH,fabricator_overlap
3,fb3_progress,61336,S1-H2-MECH-CRAH,fabricator_overlap
3,fb3_progress,61338,S1-H2-MECH-CRAH,fabricator_overlap
3,fb3_progress,61340,S1-H2-MECH-CRAH,fabricator_overlap
3,fb3_progress,61342,S1-H2-MECH-CRAH,fabricator_overlap
3,fb3_progress,10007,S1-H2-MECH-CRAH,fabricator_overlap
3,fb3_progress,61345,S1-H3-MECH-CRAH,fabricator_overlap
3,fb3_progress,61347,S1-H3-MECH-CRAH,fabricator_overlap
3,fb3_progress,61349,S1-H3-MECH-CRAH,fabricator_overlap
3,fb3_progress,61351,S1-H3-MECH-CRAH,fabricator_overlap
3,fb3_progress,61353,S1-H3-MECH-CRAH,fabricator_overlap
3,fb3_progress,61355,S1-H3-MECH-CRAH,fabricator_overlap
3,fb3_progress,61357,S1-H3-MECH-CRAH,fabricator_overlap
3,fb3_progress,10008,S1-H3-MECH-CRAH,fabricator_overlap
1,me3_progress,ME3-H01-001,S1-H1-MECH-CHW,
1,me3_progress,ME3-H01-002,S1-H1-MECH-CHW,
1,me3_progress,ME3-H01-003,S1-H1-MECH-CHW,
1,me3_progress,ME3-H01-004,S1-H1-MECH-CHW,
1,me3_progress,ME3-H01-005,S1-H1-MECH-CHW,
1,me3_progress,ME3-H01-006,S1-H1-MECH-CHW,
1,me3_progress,ME3-H01-007,S1-H1-MECH-CHW,
1,me3_progress,ME3-H01-008,S1-H1-MECH-CHW,
1,me3_progress,ME3-H01-009,S1-H1-MECH-CHW,
1,me3_progress,ME3-H02-010,S1-H2-MECH-CHW,
1,me3_progress,ME3-H02-011,S1-H2-MECH-CHW,
1,me3_progress,ME3-H02-012,S1-H2-MECH-CHW,
1,me3_progress,ME3-H02-013,S1-H2-MECH-CHW,
1,me3_progress,ME3-H02-014,S1-H2-MECH-CHW,cancelled
1,me3_progress,ME3-H02-015,S1-H2-MECH-CHW,
1,me3_progress,ME3-H03-016,S1-H3-MECH-CHW,
1,me3_progress,ME3-H03-017,S1-H3-MECH-CHW,
1,me3_progress,ME3-H03-018,S1-H3-MECH-CHW,
1,me3_progress,ME3-H03-019,S1-H3-MECH-CHW,
1,me3_progress,ME3-H03-020,S1-H3-MECH-CHW,
1,me3_progress,ME3-H03-021,S1-H3-MECH-CHW,
2,me3_progress,ME3-H01-001,S1-H1-MECH-CHW,
2,me3_progress,ME3-H01-002,S1-H1-MECH-CHW,
2,me3_progress,ME3-H01-003,S1-H1-MECH-CHW,
2,me3_progress,ME3-H01-004,S1-H1-MECH-CHW,
2,me3_progress,ME3-H01-005,S1-H1-MECH-CHW,
2,me3_progress,ME3-H01-006,S1-H1-MECH-CHW,
2,me3_progress,ME3-H01-007,S1-H1-MECH-CHW,
2,me3_progress,ME3-H01-008,S1-H1-MECH-CHW,
2,me3_progress,ME3-H01-1385,S1-H1-MECH-CHW,
2,me3_progress,ME3-H02-010,S1-H2-MECH-CHW,
2,me3_progress,ME3-H02-011,S1-H2-MECH-CHW,
2,me3_progress,ME3-H02-012,S1-H2-MECH-CHW,
2,me3_progress,ME3-H02-013,S1-H2-MECH-CHW,
2,me3_progress,ME3-H02-014,S1-H2-MECH-CHW,cancelled
2,me3_progress,ME3-H02-015,S1-H2-MECH-CHW,
2,me3_progress,ME3-H03-016,S1-H3-MECH-CHW,
2,me3_progress,ME3-H03-1386,S1-H3-MECH-CHW,
2,me3_progress,ME3-H03-018,S1-H3-MECH-CHW,
2,me3_progress,ME3-H03-019,S1-H3-MECH-CHW,
2,me3_progress,ME3-H03-020,S1-H3-MECH-CHW,
2,me3_progress,ME3-H03-021,S1-H3-MECH-CHW,
3,me3_progress,ME3-H01-001,S1-H1-MECH-CHW,
3,me3_progress,ME3-H01-002,S1-H1-MECH-CHW,
3,me3_progress,ME3-H01-003,S1-H1-MECH-CHW,
3,me3_progress,ME3-H01-004,S1-H1-MECH-CHW,
3,me3_progress,ME3-H01-005,S1-H1-MECH-CHW,
3,me3_progress,ME3-H01-006,S1-H1-MECH-CHW,
3,me3_progress,ME3-H01-1387,S1-H1-MECH-CHW,
3,me3_progress,ME3-H01-008,S1-H1-MECH-CHW,
3,me3_progress,ME3-H01-1385,S1-H1-MECH-CHW,
3,me3_progress,ME3-H02-010,S1-H2-MECH-CHW,
3,me3_progress,ME3-H02-011,S1-H2-MECH-CHW,
3,me3_progress,ME3-H02-012,S1-H2-MECH-CHW,
3,me3_progress,ME3-H02-013,S1-H2-MECH-CHW,
3,me3_progress,ME3-H02-014,S1-H2-MECH-CHW,cancelled
3,me3_progress,ME3-H02-1388,S1-H2-MECH-CHW,
3,me3_progress,ME3-H03-016,S1-H3-MECH-CHW,
3,me3_progress,ME3-H03-1386,S1-H3-MECH-CHW,
3,me3_progress,ME3-H03-018,S1-H3-MECH-CHW,
3,me3_progress,ME3-H03-019,S1-H3-MECH-CHW,
3,me3_progress,ME3-H03-020,S1-H3-MECH-CHW,
3,me3_progress,ME3-H03-1389,S1-H3-MECH-CHW,
1,ct2_progress,CT2110001,S1-H1-CTRL-BMS,
1,ct2_progress,CT2110002,S1-H1-CTRL-BMS,
1,ct2_progress,CT2110003,S1-H1-CTRL-BMS,
1,ct2_progress,CT2110004,S1-H1-CTRL-BMS,
1,ct2_progress,CT2110005,S1-H1-CTRL-BMS,
1,ct2_progress,CT2110006,S1-H1-CTRL-BMS,
1,ct2_progress,CT2110007,S1-H1-CTRL-BMS,
1,ct2_progress,CT2110008,S1-H1-CTRL-BMS,
1,ct2_progress,CT2110009,S1-H1-CTRL-BMS,
1,ct2_progress,CT2110010,S1-H1-CTRL-BMS,
1,ct2_progress,CT2110011,S1-H1-CTRL-BMS,
1,ct2_progress,CT2110012,S1-H1-CTRL-BMS,
1,ct2_progress,CT2110013,S1-H1-CTRL-BMS,
1,ct2_progress,CT2110014,S1-H1-CTRL-BMS,
1,ct2_progress,CT2110015,S1-H1-CTRL-BMS,
1,ct2_progress,CT2110016,S1-H1-CTRL-BMS,
1,ct2_progress,CT2110017,S1-H1-CTRL-BMS,
1,ct2_progress,CT2110018,S1-H1-CTRL-BMS,
1,ct2_progress,CT2110019,S1-H1-CTRL-BMS,
1,ct2_progress,CT2110020,S1-H1-CTRL-BMS,
1,ct2_progress,CT2110021,S1-H1-CTRL-BMS,
1,ct2_progress,CT2110022,S1-H1-CTRL-BMS,
1,ct2_progress,CT2110023,S1-H1-CTRL-BMS,
1,ct2_progress,CT2110024,S1-H1-CTRL-BMS,
1,ct2_progress,CT2120025,S1-H2-CTRL-BMS,
1,ct2_progress,CT2120026,S1-H2-CTRL-BMS,cancelled
1,ct2_progress,CT2120027,S1-H2-CTRL-BMS,
1,ct2_progress,CT2120028,S1-H2-CTRL-BMS,
1,ct2_progress,CT2120029,S1-H2-CTRL-BMS,
1,ct2_progress,CT2120030,S1-H2-CTRL-BMS,
1,ct2_progress,CT2120031,S1-H2-CTRL-BMS,
1,ct2_progress,CT2120032,S1-H2-CTRL-BMS,
1,ct2_progress,CT2120033,S1-H2-CTRL-BMS,
1,ct2_progress,CT2120034,S1-H2-CTRL-BMS,
1,ct2_progress,CT2120035,S1-H2-CTRL-BMS,
1,ct2_progress,CT2120036,S1-H2-CTRL-BMS,
1,ct2_progress,CT2120037,S1-H2-CTRL-BMS,
1,ct2_progress,CT2120038,S1-H2-CTRL-BMS,
1,ct2_progress,CT2120039,S1-H2-CTRL-BMS,
1,ct2_progress,CT2120040,S1-H2-CTRL-BMS,
1,ct2_progress,CT2120041,S1-H2-CTRL-BMS,
1,ct2_progress,CT2120042,S1-H2-CTRL-BMS,
1,ct2_progress,CT2120043,S1-H2-CTRL-BMS,
1,ct2_progress,CT2120044,S1-H2-CTRL-BMS,
1,ct2_progress,CT2120045,S1-H2-CTRL-BMS,
1,ct2_progress,CT2130046,S1-H3-CTRL-BMS,
1,ct2_progress,CT2130047,S1-H3-CTRL-BMS,
1,ct2_progress,CT2130048,S1-H3-CTRL-BMS,
1,ct2_progress,CT2130049,S1-H3-CTRL-BMS,cancelled
1,ct2_progress,CT2130050,S1-H3-CTRL-BMS,
1,ct2_progress,CT2130051,S1-H3-CTRL-BMS,
1,ct2_progress,CT2130052,S1-H3-CTRL-BMS,
1,ct2_progress,CT2130053,S1-H3-CTRL-BMS,
1,ct2_progress,CT2130054,S1-H3-CTRL-BMS,
1,ct2_progress,CT2130055,S1-H3-CTRL-BMS,
1,ct2_progress,CT2130056,S1-H3-CTRL-BMS,cancelled
1,ct2_progress,CT2130057,S1-H3-CTRL-BMS,
1,ct2_progress,CT2130058,S1-H3-CTRL-BMS,
1,ct2_progress,CT2130059,S1-H3-CTRL-BMS,
1,ct2_progress,CT2130060,S1-H3-CTRL-BMS,
1,ct2_progress,CT2130061,S1-H3-CTRL-BMS,
1,ct2_progress,CT2130062,S1-H3-CTRL-BMS,
1,ct2_progress,CT2130063,S1-H3-CTRL-BMS,
1,ct2_progress,CT2130064,S1-H3-CTRL-BMS,
1,ct2_progress,CT2130065,S1-H3-CTRL-BMS,
1,ct2_progress,CT2130066,S1-H3-CTRL-BMS,
2,ct2_progress,CT2110001,S1-H1-CTRL-BMS,
2,ct2_progress,CT2110002,S1-H1-CTRL-BMS,
2,ct2_progress,CT2110003,S1-H1-CTRL-BMS,
2,ct2_progress,CT2110004,S1-H1-CTRL-BMS,
2,ct2_progress,CT2110005,S1-H1-CTRL-BMS,
2,ct2_progress,CT2114500,S1-H1-CTRL-BMS,
2,ct2_progress,CT2110007,S1-H1-CTRL-BMS,
2,ct2_progress,CT2110008,S1-H1-CTRL-BMS,
2,ct2_progress,CT2110009,S1-H1-CTRL-BMS,
2,ct2_progress,CT2110010,S1-H1-CTRL-BMS,
2,ct2_progress,CT2110011,S1-H1-CTRL-BMS,
2,ct2_progress,CT2110012,S1-H1-CTRL-BMS,
2,ct2_progress,CT2110013,S1-H1-CTRL-BMS,
2,ct2_progress,CT2110014,S1-H1-CTRL-BMS,
2,ct2_progress,CT2110015,S1-H1-CTRL-BMS,
2,ct2_progress,CT2110016,S1-H1-CTRL-BMS,
2,ct2_progress,CT2110017,S1-H1-CTRL-BMS,
2,ct2_progress,CT2110018,S1-H1-CTRL-BMS,
2,ct2_progress,CT2110019,S1-H1-CTRL-BMS,
2,ct2_progress,CT2110020,S1-H1-CTRL-BMS,
2,ct2_progress,CT2110021,S1-H1-CTRL-BMS,
2,ct2_progress,CT2110022,S1-H1-CTRL-BMS,
2,ct2_progress,CT2110023,S1-H1-CTRL-BMS,
2,ct2_progress,CT2110024,S1-H1-CTRL-BMS,
2,ct2_progress,CT2120025,S1-H2-CTRL-BMS,
2,ct2_progress,CT2120026,S1-H2-CTRL-BMS,cancelled
2,ct2_progress,CT2120027,S1-H2-CTRL-BMS,
2,ct2_progress,CT2120028,S1-H2-CTRL-BMS,
2,ct2_progress,CT2120029,S1-H2-CTRL-BMS,
2,ct2_progress,CT2120030,S1-H2-CTRL-BMS,
2,ct2_progress,CT2120031,S1-H2-CTRL-BMS,
2,ct2_progress,CT2120032,S1-H2-CTRL-BMS,
2,ct2_progress,CT2120033,S1-H2-CTRL-BMS,
2,ct2_progress,CT2124501,S1-H2-CTRL-BMS,
2,ct2_progress,CT2120035,S1-H2-CTRL-BMS,
2,ct2_progress,CT2120036,S1-H2-CTRL-BMS,
2,ct2_progress,CT2120037,S1-H2-CTRL-BMS,
2,ct2_progress,CT2120038,S1-H2-CTRL-BMS,
2,ct2_progress,CT2120039,S1-H2-CTRL-BMS,
2,ct2_progress,CT2120040,S1-H2-CTRL-BMS,
2,ct2_progress,CT2120041,S1-H2-CTRL-BMS,
2,ct2_progress,CT2120042,S1-H2-CTRL-BMS,
2,ct2_progress,CT2120043,S1-H2-CTRL-BMS,
2,ct2_progress,CT2120044,S1-H2-CTRL-BMS,
2,ct2_progress,CT2120045,S1-H2-CTRL-BMS,
2,ct2_progress,CT2130046,S1-H3-CTRL-BMS,
2,ct2_progress,CT2130047,S1-H3-CTRL-BMS,
2,ct2_progress,CT2134502,S1-H3-CTRL-BMS,
2,ct2_progress,CT2130049,S1-H3-CTRL-BMS,cancelled
2,ct2_progress,CT2130050,S1-H3-CTRL-BMS,
2,ct2_progress,CT2130051,S1-H3-CTRL-BMS,
2,ct2_progress,CT2130052,S1-H3-CTRL-BMS,
2,ct2_progress,CT2130053,S1-H3-CTRL-BMS,
2,ct2_progress,CT2130054,S1-H3-CTRL-BMS,
2,ct2_progress,CT2130055,S1-H3-CTRL-BMS,
2,ct2_progress,CT2130056,S1-H3-CTRL-BMS,cancelled
2,ct2_progress,CT2130057,S1-H3-CTRL-BMS,
2,ct2_progress,CT2130058,S1-H3-CTRL-BMS,
2,ct2_progress,CT2130059,S1-H3-CTRL-BMS,
2,ct2_progress,CT2130060,S1-H3-CTRL-BMS,
2,ct2_progress,CT2130061,S1-H3-CTRL-BMS,
2,ct2_progress,CT2130062,S1-H3-CTRL-BMS,
2,ct2_progress,CT2130063,S1-H3-CTRL-BMS,
2,ct2_progress,CT2130064,S1-H3-CTRL-BMS,
2,ct2_progress,CT2130065,S1-H3-CTRL-BMS,
2,ct2_progress,CT2130066,S1-H3-CTRL-BMS,
3,ct2_progress,CT2110001,S1-H1-CTRL-BMS,
3,ct2_progress,CT2110002,S1-H1-CTRL-BMS,
3,ct2_progress,CT2110003,S1-H1-CTRL-BMS,
3,ct2_progress,CT2110004,S1-H1-CTRL-BMS,
3,ct2_progress,CT2110005,S1-H1-CTRL-BMS,
3,ct2_progress,CT2114500,S1-H1-CTRL-BMS,
3,ct2_progress,CT2110007,S1-H1-CTRL-BMS,
3,ct2_progress,CT2110008,S1-H1-CTRL-BMS,
3,ct2_progress,CT2110009,S1-H1-CTRL-BMS,
3,ct2_progress,CT2110010,S1-H1-CTRL-BMS,
3,ct2_progress,CT2110011,S1-H1-CTRL-BMS,
3,ct2_progress,CT2110012,S1-H1-CTRL-BMS,
3,ct2_progress,CT2110013,S1-H1-CTRL-BMS,
3,ct2_progress,CT2110014,S1-H1-CTRL-BMS,
3,ct2_progress,CT2110015,S1-H1-CTRL-BMS,
3,ct2_progress,CT2110016,S1-H1-CTRL-BMS,
3,ct2_progress,CT2110017,S1-H1-CTRL-BMS,
3,ct2_progress,CT2114503,S1-H1-CTRL-BMS,
3,ct2_progress,CT2110019,S1-H1-CTRL-BMS,
3,ct2_progress,CT2110020,S1-H1-CTRL-BMS,
3,ct2_progress,CT2110021,S1-H1-CTRL-BMS,
3,ct2_progress,CT2110022,S1-H1-CTRL-BMS,
3,ct2_progress,CT2110023,S1-H1-CTRL-BMS,
3,ct2_progress,CT2110024,S1-H1-CTRL-BMS,
3,ct2_progress,CT2120025,S1-H2-CTRL-BMS,
3,ct2_progress,CT2120026,S1-H2-CTRL-BMS,cancelled
3,ct2_progress,CT2120027,S1-H2-CTRL-BMS,
3,ct2_progress,CT2124504,S1-H2-CTRL-BMS,
3,ct2_progress,CT2120029,S1-H2-CTRL-BMS,
3,ct2_progress,CT2120030,S1-H2-CTRL-BMS,
3,ct2_progress,CT2120031,S1-H2-CTRL-BMS,
3,ct2_progress,CT2124505,S1-H2-CTRL-BMS,
3,ct2_progress,CT2120033,S1-H2-CTRL-BMS,
3,ct2_progress,CT2124501,S1-H2-CTRL-BMS,
3,ct2_progress,CT2120035,S1-H2-CTRL-BMS,
3,ct2_progress,CT2120036,S1-H2-CTRL-BMS,
3,ct2_progress,CT2120037,S1-H2-CTRL-BMS,
3,ct2_progress,CT2120038,S1-H2-CTRL-BMS,
3,ct2_progress,CT2120039,S1-H2-CTRL-BMS,
3,ct2_progress,CT2124506,S1-H2-CTRL-BMS,
3,ct2_progress,CT2124507,S1-H2-CTRL-BMS,
3,ct2_progress,CT2120042,S1-H2-CTRL-BMS,
3,ct2_progress,CT2120043,S1-H2-CTRL-BMS,
3,ct2_progress,CT2120044,S1-H2-CTRL-BMS,
3,ct2_progress,CT2120045,S1-H2-CTRL-BMS,
3,ct2_progress,CT2130046,S1-H3-CTRL-BMS,
3,ct2_progress,CT2130047,S1-H3-CTRL-BMS,
3,ct2_progress,CT2134502,S1-H3-CTRL-BMS,
3,ct2_progress,CT2134508,S1-H3-CTRL-BMS,cancelled
3,ct2_progress,CT2130050,S1-H3-CTRL-BMS,
3,ct2_progress,CT2130051,S1-H3-CTRL-BMS,
3,ct2_progress,CT2130052,S1-H3-CTRL-BMS,
3,ct2_progress,CT2130053,S1-H3-CTRL-BMS,
3,ct2_progress,CT2130054,S1-H3-CTRL-BMS,
3,ct2_progress,CT2130055,S1-H3-CTRL-BMS,
3,ct2_progress,CT2130056,S1-H3-CTRL-BMS,cancelled
3,ct2_progress,CT2130057,S1-H3-CTRL-BMS,
3,ct2_progress,CT2130058,S1-H3-CTRL-BMS,
3,ct2_progress,CT2134509,S1-H3-CTRL-BMS,
3,ct2_progress,CT2130060,S1-H3-CTRL-BMS,
3,ct2_progress,CT2134510,S1-H3-CTRL-BMS,
3,ct2_progress,CT2130062,S1-H3-CTRL-BMS,
3,ct2_progress,CT2130063,S1-H3-CTRL-BMS,
3,ct2_progress,CT2130064,S1-H3-CTRL-BMS,
3,ct2_progress,CT2130065,S1-H3-CTRL-BMS,
3,ct2_progress,CT2130066,S1-H3-CTRL-BMS,
1,ct1_progress,CT1/H1/EPMS/01,S1-H1-CTRL-EPMS,
1,ct1_progress,CT1/H1/EPMS/02,S1-H1-CTRL-EPMS,
1,ct1_progress,CT1/H1/EPMS/03,S1-H1-CTRL-EPMS,
1,ct1_progress,CT1/H1/EPMS/04,S1-H1-CTRL-EPMS,
1,ct1_progress,CT1/H1/EPMS/05,S1-H1-CTRL-EPMS,
1,ct1_progress,CT1/H1/EPMS/06,S1-H1-CTRL-EPMS,
1,ct1_progress,CT1/H1/EPMS/07,S1-H1-CTRL-EPMS,
1,ct1_progress,CT1/H1/EPMS/08,S1-H1-CTRL-EPMS,
1,ct1_progress,CT1/H1/EPMS/09,S1-H1-CTRL-EPMS,
1,ct1_progress,CT1/H1/EPMS/10,S1-H1-CTRL-EPMS,
1,ct1_progress,CT1/H1/EPMS/11,S1-H1-CTRL-EPMS,
1,ct1_progress,CT1/H1/EPMS/12,S1-H1-CTRL-EPMS,
1,ct1_progress,CT1/H1/EPMS/13,S1-H1-CTRL-EPMS,
1,ct1_progress,CT1/H1/EPMS/14,S1-H1-CTRL-EPMS,
1,ct1_progress,CT1/H1/EPMS/15,S1-H1-CTRL-EPMS,
1,ct1_progress,CT1/H2/EPMS/16,S1-H2-CTRL-EPMS,
1,ct1_progress,CT1/H2/EPMS/17,S1-H2-CTRL-EPMS,
1,ct1_progress,CT1/H2/EPMS/18,S1-H2-CTRL-EPMS,
1,ct1_progress,CT1/H2/EPMS/19,S1-H2-CTRL-EPMS,
1,ct1_progress,CT1/H2/EPMS/20,S1-H2-CTRL-EPMS,
1,ct1_progress,CT1/H2/EPMS/21,S1-H2-CTRL-EPMS,
1,ct1_progress,CT1/H2/EPMS/22,S1-H2-CTRL-EPMS,
1,ct1_progress,CT1/H2/EPMS/23,S1-H2-CTRL-EPMS,
1,ct1_progress,CT1/H2/EPMS/24,S1-H2-CTRL-EPMS,
1,ct1_progress,CT1/H2/EPMS/25,S1-H2-CTRL-EPMS,
1,ct1_progress,CT1/H2/EPMS/26,S1-H2-CTRL-EPMS,
1,ct1_progress,CT1/H2/EPMS/27,S1-H2-CTRL-EPMS,
1,ct1_progress,CT1/H2/EPMS/28,S1-H2-CTRL-EPMS,
1,ct1_progress,CT1/H2/EPMS/29,S1-H2-CTRL-EPMS,
1,ct1_progress,CT1/H2/EPMS/30,S1-H2-CTRL-EPMS,
1,ct1_progress,CT1/H2/EPMS/31,S1-H2-CTRL-EPMS,
1,ct1_progress,CT1/H2/EPMS/32,S1-H2-CTRL-EPMS,
1,ct1_progress,CT1/H2/EPMS/33,S1-H2-CTRL-EPMS,
1,ct1_progress,CT1/H3/EPMS/34,S1-H3-CTRL-EPMS,
1,ct1_progress,CT1/H3/EPMS/35,S1-H3-CTRL-EPMS,
1,ct1_progress,CT1/H3/EPMS/36,S1-H3-CTRL-EPMS,
1,ct1_progress,CT1/H3/EPMS/37,S1-H3-CTRL-EPMS,
1,ct1_progress,CT1/H3/EPMS/38,S1-H3-CTRL-EPMS,
1,ct1_progress,CT1/H3/EPMS/39,S1-H3-CTRL-EPMS,
1,ct1_progress,CT1/H3/EPMS/40,S1-H3-CTRL-EPMS,
1,ct1_progress,CT1/H3/EPMS/41,S1-H3-CTRL-EPMS,
1,ct1_progress,CT1/H3/EPMS/42,S1-H3-CTRL-EPMS,
1,ct1_progress,CT1/H3/EPMS/43,S1-H3-CTRL-EPMS,
1,ct1_progress,CT1/H3/EPMS/44,S1-H3-CTRL-EPMS,
1,ct1_progress,CT1/H3/EPMS/45,S1-H3-CTRL-EPMS,
1,ct1_progress,CT1/H3/EPMS/46,S1-H3-CTRL-EPMS,
1,ct1_progress,CT1/H3/EPMS/47,S1-H3-CTRL-EPMS,
1,ct1_progress,CT1/H3/EPMS/48,S1-H3-CTRL-EPMS,
2,ct1_progress,CT1/H1/EPMS/01,S1-H1-CTRL-EPMS,
2,ct1_progress,CT1/H1/EPMS/02,S1-H1-CTRL-EPMS,
2,ct1_progress,CT1/H1/EPMS/03,S1-H1-CTRL-EPMS,
2,ct1_progress,CT1/H1/EPMS/04,S1-H1-CTRL-EPMS,
2,ct1_progress,CT1/H1/EPMS/05,S1-H1-CTRL-EPMS,
2,ct1_progress,CT1/H1/EPMS/06,S1-H1-CTRL-EPMS,
2,ct1_progress,CT1/H1/EPMS/07,S1-H1-CTRL-EPMS,
2,ct1_progress,CT1/H1/EPMS/5027,S1-H1-CTRL-EPMS,
2,ct1_progress,CT1/H1/EPMS/09,S1-H1-CTRL-EPMS,
2,ct1_progress,CT1/H1/EPMS/10,S1-H1-CTRL-EPMS,
2,ct1_progress,CT1/H1/EPMS/11,S1-H1-CTRL-EPMS,
2,ct1_progress,CT1/H1/EPMS/12,S1-H1-CTRL-EPMS,
2,ct1_progress,CT1/H1/EPMS/13,S1-H1-CTRL-EPMS,
2,ct1_progress,CT1/H1/EPMS/14,S1-H1-CTRL-EPMS,
2,ct1_progress,CT1/H1/EPMS/5028,S1-H1-CTRL-EPMS,
2,ct1_progress,CT1/H2/EPMS/16,S1-H2-CTRL-EPMS,
2,ct1_progress,CT1/H2/EPMS/17,S1-H2-CTRL-EPMS,
2,ct1_progress,CT1/H2/EPMS/18,S1-H2-CTRL-EPMS,
2,ct1_progress,CT1/H2/EPMS/19,S1-H2-CTRL-EPMS,
2,ct1_progress,CT1/H2/EPMS/20,S1-H2-CTRL-EPMS,
2,ct1_progress,CT1/H2/EPMS/21,S1-H2-CTRL-EPMS,
2,ct1_progress,CT1/H2/EPMS/22,S1-H2-CTRL-EPMS,
2,ct1_progress,CT1/H2/EPMS/23,S1-H2-CTRL-EPMS,
2,ct1_progress,CT1/H2/EPMS/24,S1-H2-CTRL-EPMS,
2,ct1_progress,CT1/H2/EPMS/25,S1-H2-CTRL-EPMS,
2,ct1_progress,CT1/H2/EPMS/26,S1-H2-CTRL-EPMS,
2,ct1_progress,CT1/H2/EPMS/27,S1-H2-CTRL-EPMS,
2,ct1_progress,CT1/H2/EPMS/28,S1-H2-CTRL-EPMS,
2,ct1_progress,CT1/H2/EPMS/29,S1-H2-CTRL-EPMS,
2,ct1_progress,CT1/H2/EPMS/30,S1-H2-CTRL-EPMS,
2,ct1_progress,CT1/H2/EPMS/31,S1-H2-CTRL-EPMS,
2,ct1_progress,CT1/H2/EPMS/32,S1-H2-CTRL-EPMS,
2,ct1_progress,CT1/H2/EPMS/33,S1-H2-CTRL-EPMS,
2,ct1_progress,CT1/H3/EPMS/34,S1-H3-CTRL-EPMS,
2,ct1_progress,CT1/H3/EPMS/35,S1-H3-CTRL-EPMS,
2,ct1_progress,CT1/H3/EPMS/5029,S1-H3-CTRL-EPMS,
2,ct1_progress,CT1/H3/EPMS/37,S1-H3-CTRL-EPMS,
2,ct1_progress,CT1/H3/EPMS/38,S1-H3-CTRL-EPMS,
2,ct1_progress,CT1/H3/EPMS/39,S1-H3-CTRL-EPMS,
2,ct1_progress,CT1/H3/EPMS/40,S1-H3-CTRL-EPMS,
2,ct1_progress,CT1/H3/EPMS/41,S1-H3-CTRL-EPMS,
2,ct1_progress,CT1/H3/EPMS/42,S1-H3-CTRL-EPMS,
2,ct1_progress,CT1/H3/EPMS/5030,S1-H3-CTRL-EPMS,
2,ct1_progress,CT1/H3/EPMS/44,S1-H3-CTRL-EPMS,
2,ct1_progress,CT1/H3/EPMS/45,S1-H3-CTRL-EPMS,
2,ct1_progress,CT1/H3/EPMS/46,S1-H3-CTRL-EPMS,
2,ct1_progress,CT1/H3/EPMS/47,S1-H3-CTRL-EPMS,
2,ct1_progress,CT1/H3/EPMS/48,S1-H3-CTRL-EPMS,
3,ct1_progress,CT1/H1/EPMS/5031,S1-H1-CTRL-EPMS,
3,ct1_progress,CT1/H1/EPMS/02,S1-H1-CTRL-EPMS,
3,ct1_progress,CT1/H1/EPMS/03,S1-H1-CTRL-EPMS,
3,ct1_progress,CT1/H1/EPMS/04,S1-H1-CTRL-EPMS,
3,ct1_progress,CT1/H1/EPMS/05,S1-H1-CTRL-EPMS,
3,ct1_progress,CT1/H1/EPMS/06,S1-H1-CTRL-EPMS,
3,ct1_progress,CT1/H1/EPMS/07,S1-H1-CTRL-EPMS,
3,ct1_progress,CT1/H1/EPMS/5027,S1-H1-CTRL-EPMS,
3,ct1_progress,CT1/H1/EPMS/09,S1-H1-CTRL-EPMS,
3,ct1_progress,CT1/H1/EPMS/10,S1-H1-CTRL-EPMS,
3,ct1_progress,CT1/H1/EPMS/11,S1-H1-CTRL-EPMS,
3,ct1_progress,CT1/H1/EPMS/12,S1-H1-CTRL-EPMS,
3,ct1_progress,CT1/H1/EPMS/13,S1-H1-CTRL-EPMS,
3,ct1_progress,CT1/H1/EPMS/14,S1-H1-CTRL-EPMS,
3,ct1_progress,CT1/H1/EPMS/5032,S1-H1-CTRL-EPMS,
3,ct1_progress,CT1/H2/EPMS/16,S1-H2-CTRL-EPMS,
3,ct1_progress,CT1/H2/EPMS/17,S1-H2-CTRL-EPMS,
3,ct1_progress,CT1/H2/EPMS/18,S1-H2-CTRL-EPMS,
3,ct1_progress,CT1/H2/EPMS/19,S1-H2-CTRL-EPMS,
3,ct1_progress,CT1/H2/EPMS/20,S1-H2-CTRL-EPMS,
3,ct1_progress,CT1/H2/EPMS/21,S1-H2-CTRL-EPMS,
3,ct1_progress,CT1/H2/EPMS/22,S1-H2-CTRL-EPMS,
3,ct1_progress,CT1/H2/EPMS/23,S1-H2-CTRL-EPMS,
3,ct1_progress,CT1/H2/EPMS/24,S1-H2-CTRL-EPMS,
3,ct1_progress,CT1/H2/EPMS/25,S1-H2-CTRL-EPMS,
3,ct1_progress,CT1/H2/EPMS/26,S1-H2-CTRL-EPMS,
3,ct1_progress,CT1/H2/EPMS/27,S1-H2-CTRL-EPMS,
3,ct1_progress,CT1/H2/EPMS/28,S1-H2-CTRL-EPMS,
3,ct1_progress,CT1/H2/EPMS/29,S1-H2-CTRL-EPMS,
3,ct1_progress,CT1/H2/EPMS/30,S1-H2-CTRL-EPMS,
3,ct1_progress,CT1/H2/EPMS/31,S1-H2-CTRL-EPMS,
3,ct1_progress,CT1/H2/EPMS/32,S1-H2-CTRL-EPMS,
3,ct1_progress,CT1/H2/EPMS/33,S1-H2-CTRL-EPMS,
3,ct1_progress,CT1/H3/EPMS/34,S1-H3-CTRL-EPMS,
3,ct1_progress,CT1/H3/EPMS/35,S1-H3-CTRL-EPMS,
3,ct1_progress,CT1/H3/EPMS/5033,S1-H3-CTRL-EPMS,
3,ct1_progress,CT1/H3/EPMS/37,S1-H3-CTRL-EPMS,
3,ct1_progress,CT1/H3/EPMS/38,S1-H3-CTRL-EPMS,
3,ct1_progress,CT1/H3/EPMS/39,S1-H3-CTRL-EPMS,
3,ct1_progress,CT1/H3/EPMS/40,S1-H3-CTRL-EPMS,
3,ct1_progress,CT1/H3/EPMS/41,S1-H3-CTRL-EPMS,
3,ct1_progress,CT1/H3/EPMS/42,S1-H3-CTRL-EPMS,
3,ct1_progress,CT1/H3/EPMS/5030,S1-H3-CTRL-EPMS,
3,ct1_progress,CT1/H3/EPMS/44,S1-H3-CTRL-EPMS,
3,ct1_progress,CT1/H3/EPMS/45,S1-H3-CTRL-EPMS,
3,ct1_progress,CT1/H3/EPMS/46,S1-H3-CTRL-EPMS,
3,ct1_progress,CT1/H3/EPMS/47,S1-H3-CTRL-EPMS,
3,ct1_progress,CT1/H3/EPMS/48,S1-H3-CTRL-EPMS,
1,owner_changes,CE-10100,S1-H2-ELEC-UPS,
1,owner_changes,CE-10101,S1-H2-ELEC-SWG,
1,owner_changes,CE-10102,S1-H1-CTRL-EPMS,
2,owner_changes,CE-10100,S1-H2-ELEC-UPS,
2,owner_changes,CE-10101,S1-H2-ELEC-SWG,
2,owner_changes,CE-10102,S1-H1-CTRL-EPMS,
2,owner_changes,CE-10200,S1-H3-ELEC-BUS,
2,owner_changes,CE-10201,S1-H2-CTRL-EPMS,
2,owner_changes,CE-10202,S1-H3-ELEC-UPS,
3,owner_changes,CE-10100,S1-H2-ELEC-UPS,
3,owner_changes,CE-10101,S1-H2-ELEC-SWG,
3,owner_changes,CE-10102,S1-H1-CTRL-EPMS,
3,owner_changes,CE-10200,S1-H3-ELEC-BUS,
3,owner_changes,CE-10201,S1-H2-CTRL-EPMS,
3,owner_changes,CE-10202,S1-H3-ELEC-UPS,
3,owner_changes,CE-10300,S1-H2-CTRL-BMS,
3,owner_changes,CE-10301,S1-H1-CTRL-EPMS,
3,owner_changes,CE-10302,S1-H3-ELEC-BUS,
